-- --------------------------------------------------------
-- Host:                         167.114.129.149
-- Versión del servidor:         10.4.11-MariaDB-1:10.4.11+maria~bionic-log - mariadb.org binary distribution
-- SO del servidor:              debian-linux-gnu
-- HeidiSQL Versión:             10.2.0.5599
-- --------------------------------------------------------

/*!40101 SET @OLD_CHARACTER_SET_CLIENT=@@CHARACTER_SET_CLIENT */;
/*!40101 SET NAMES utf8 */;
/*!50503 SET NAMES utf8mb4 */;
/*!40014 SET @OLD_FOREIGN_KEY_CHECKS=@@FOREIGN_KEY_CHECKS, FOREIGN_KEY_CHECKS=0 */;
/*!40101 SET @OLD_SQL_MODE=@@SQL_MODE, SQL_MODE='NO_AUTO_VALUE_ON_ZERO' */;


-- Volcando estructura de base de datos para nutricion
CREATE DATABASE IF NOT EXISTS `nutricion` /*!40100 DEFAULT CHARACTER SET utf8mb4 COLLATE utf8mb4_spanish_ci */;
USE `nutricion`;

-- Volcando estructura para tabla nutricion.dim_horario
CREATE TABLE IF NOT EXISTS `dim_horario` (
  `id` int(11) NOT NULL,
  `alias` varchar(100) COLLATE utf8mb4_spanish_ci NOT NULL DEFAULT '',
  `nombre` varchar(150) COLLATE utf8mb4_spanish_ci NOT NULL DEFAULT '',
  `porcentaje` decimal(5,2) DEFAULT NULL,
  PRIMARY KEY (`id`)
) ENGINE=InnoDB DEFAULT CHARSET=utf8mb4 COLLATE=utf8mb4_spanish_ci;

-- Volcando datos para la tabla nutricion.dim_horario: ~5 rows (aproximadamente)
/*!40000 ALTER TABLE `dim_horario` DISABLE KEYS */;
INSERT INTO `dim_horario` (`id`, `alias`, `nombre`, `porcentaje`) VALUES
	(1, 'DESAYUNO', 'DESAYUNO', 0.20),
	(2, 'COLACION1', 'COLACION 1', 0.10),
	(3, 'ALMUERZO', 'ALMUERZO', 0.35),
	(4, 'COLACION2', 'COLACION 2', 0.10),
	(5, 'CENA', 'CENA', 0.25);
/*!40000 ALTER TABLE `dim_horario` ENABLE KEYS */;

-- Volcando estructura para tabla nutricion.dim_horario_producto_restriccion
CREATE TABLE IF NOT EXISTS `dim_horario_producto_restriccion` (
  `idproducto` int(11) NOT NULL,
  `idhorario` int(11) DEFAULT NULL,
  `consumir` tinyint(1) DEFAULT NULL,
  KEY `fk_producto_idproducto` (`idproducto`),
  KEY `fk_horario_idhorario` (`idhorario`),
  CONSTRAINT `fk_horario_idhorario` FOREIGN KEY (`idhorario`) REFERENCES `dim_horario` (`id`),
  CONSTRAINT `fk_producto_idproducto` FOREIGN KEY (`idproducto`) REFERENCES `dim_producto` (`id`)
) ENGINE=InnoDB DEFAULT CHARSET=utf8mb4 COLLATE=utf8mb4_spanish_ci;

-- Volcando datos para la tabla nutricion.dim_horario_producto_restriccion: ~420 rows (aproximadamente)
/*!40000 ALTER TABLE `dim_horario_producto_restriccion` DISABLE KEYS */;
INSERT INTO `dim_horario_producto_restriccion` (`idproducto`, `idhorario`, `consumir`) VALUES
	(1, 1, 0),
	(2, 1, 1),
	(3, 1, 0),
	(4, 1, 0),
	(5, 1, 0),
	(6, 1, 1),
	(7, 1, 1),
	(8, 1, 1),
	(9, 1, 1),
	(10, 1, 0),
	(11, 1, 0),
	(12, 1, 0),
	(13, 1, 0),
	(14, 1, 0),
	(15, 1, 0),
	(16, 1, 0),
	(17, 1, 0),
	(18, 1, 0),
	(19, 1, 0),
	(20, 1, 0),
	(21, 1, 0),
	(22, 1, 0),
	(23, 1, 0),
	(24, 1, 0),
	(25, 1, 0),
	(26, 1, 0),
	(27, 1, 0),
	(28, 1, 0),
	(29, 1, 1),
	(30, 1, 1),
	(31, 1, 1),
	(32, 1, 1),
	(33, 1, 1),
	(34, 1, 1),
	(35, 1, 1),
	(36, 1, 1),
	(37, 1, 1),
	(38, 1, 1),
	(39, 1, 1),
	(40, 1, 1),
	(41, 1, 1),
	(42, 1, 1),
	(43, 1, 1),
	(44, 1, 1),
	(45, 1, 1),
	(46, 1, 1),
	(47, 1, 1),
	(48, 1, 1),
	(49, 1, 1),
	(50, 1, 1),
	(51, 1, 1),
	(52, 1, 1),
	(53, 1, 1),
	(54, 1, 0),
	(55, 1, 0),
	(56, 1, 0),
	(57, 1, 0),
	(58, 1, 0),
	(59, 1, 0),
	(60, 1, 0),
	(61, 1, 0),
	(62, 1, 0),
	(63, 1, 0),
	(64, 1, 1),
	(65, 1, 1),
	(66, 1, 0),
	(67, 1, 0),
	(68, 1, 0),
	(69, 1, 0),
	(70, 1, 1),
	(71, 1, 0),
	(72, 1, 0),
	(73, 1, 0),
	(74, 1, 1),
	(75, 1, 1),
	(76, 1, 1),
	(77, 1, 1),
	(78, 1, 1),
	(79, 1, 1),
	(80, 1, 1),
	(81, 1, 1),
	(82, 1, 0),
	(83, 1, 0),
	(84, 1, 1),
	(1, 2, 0),
	(2, 2, 0),
	(3, 2, 0),
	(4, 2, 0),
	(5, 2, 0),
	(6, 2, 0),
	(7, 2, 0),
	(8, 2, 1),
	(9, 2, 0),
	(10, 2, 0),
	(11, 2, 0),
	(12, 2, 0),
	(13, 2, 0),
	(14, 2, 0),
	(15, 2, 0),
	(16, 2, 0),
	(17, 2, 0),
	(18, 2, 0),
	(19, 2, 0),
	(20, 2, 0),
	(21, 2, 0),
	(22, 2, 0),
	(23, 2, 0),
	(24, 2, 0),
	(25, 2, 0),
	(26, 2, 0),
	(27, 2, 0),
	(28, 2, 0),
	(29, 2, 1),
	(30, 2, 1),
	(31, 2, 1),
	(32, 2, 1),
	(33, 2, 1),
	(34, 2, 1),
	(35, 2, 1),
	(36, 2, 1),
	(37, 2, 1),
	(38, 2, 1),
	(39, 2, 1),
	(40, 2, 1),
	(41, 2, 1),
	(42, 2, 1),
	(43, 2, 1),
	(44, 2, 0),
	(45, 2, 1),
	(46, 2, 1),
	(47, 2, 1),
	(48, 2, 1),
	(49, 2, 1),
	(50, 2, 1),
	(51, 2, 1),
	(52, 2, 1),
	(53, 2, 1),
	(54, 2, 0),
	(55, 2, 0),
	(56, 2, 0),
	(57, 2, 0),
	(58, 2, 0),
	(59, 2, 0),
	(60, 2, 0),
	(61, 2, 0),
	(62, 2, 0),
	(63, 2, 0),
	(64, 2, 0),
	(65, 2, 0),
	(66, 2, 0),
	(67, 2, 0),
	(68, 2, 0),
	(69, 2, 0),
	(70, 2, 0),
	(71, 2, 0),
	(72, 2, 0),
	(73, 2, 0),
	(74, 2, 0),
	(75, 2, 0),
	(76, 2, 1),
	(77, 2, 0),
	(78, 2, 0),
	(79, 2, 0),
	(80, 2, 0),
	(81, 2, 0),
	(82, 2, 1),
	(83, 2, 1),
	(84, 2, 1),
	(1, 3, 1),
	(2, 3, 0),
	(3, 3, 1),
	(4, 3, 1),
	(5, 3, 1),
	(6, 3, 0),
	(7, 3, 1),
	(8, 3, 0),
	(9, 3, 0),
	(10, 3, 1),
	(11, 3, 1),
	(12, 3, 1),
	(13, 3, 1),
	(14, 3, 1),
	(15, 3, 1),
	(16, 3, 1),
	(17, 3, 1),
	(18, 3, 1),
	(19, 3, 1),
	(20, 3, 1),
	(21, 3, 1),
	(22, 3, 1),
	(23, 3, 1),
	(24, 3, 1),
	(25, 3, 1),
	(26, 3, 1),
	(27, 3, 1),
	(28, 3, 1),
	(29, 3, 0),
	(30, 3, 0),
	(31, 3, 0),
	(32, 3, 0),
	(33, 3, 0),
	(34, 3, 0),
	(35, 3, 0),
	(36, 3, 0),
	(37, 3, 0),
	(38, 3, 0),
	(39, 3, 0),
	(40, 3, 0),
	(41, 3, 0),
	(42, 3, 0),
	(43, 3, 0),
	(44, 3, 1),
	(45, 3, 0),
	(46, 3, 0),
	(47, 3, 0),
	(48, 3, 0),
	(49, 3, 0),
	(50, 3, 0),
	(51, 3, 0),
	(52, 3, 0),
	(53, 3, 0),
	(54, 3, 1),
	(55, 3, 1),
	(56, 3, 1),
	(57, 3, 1),
	(58, 3, 1),
	(59, 3, 1),
	(60, 3, 1),
	(61, 3, 1),
	(62, 3, 1),
	(63, 3, 1),
	(64, 3, 1),
	(65, 3, 0),
	(66, 3, 1),
	(67, 3, 1),
	(68, 3, 1),
	(69, 3, 1),
	(70, 3, 1),
	(71, 3, 1),
	(72, 3, 1),
	(73, 3, 1),
	(74, 3, 0),
	(75, 3, 0),
	(76, 3, 0),
	(77, 3, 0),
	(78, 3, 1),
	(79, 3, 1),
	(80, 3, 1),
	(81, 3, 1),
	(82, 3, 1),
	(83, 3, 0),
	(84, 3, 0),
	(1, 4, 0),
	(2, 4, 0),
	(3, 4, 0),
	(4, 4, 0),
	(5, 4, 0),
	(6, 4, 0),
	(7, 4, 0),
	(8, 4, 1),
	(9, 4, 0),
	(10, 4, 0),
	(11, 4, 0),
	(12, 4, 0),
	(13, 4, 0),
	(14, 4, 0),
	(15, 4, 0),
	(16, 4, 0),
	(17, 4, 0),
	(18, 4, 0),
	(19, 4, 0),
	(20, 4, 0),
	(21, 4, 0),
	(22, 4, 0),
	(23, 4, 0),
	(24, 4, 0),
	(25, 4, 0),
	(26, 4, 0),
	(27, 4, 0),
	(28, 4, 0),
	(29, 4, 0),
	(30, 4, 0),
	(31, 4, 0),
	(32, 4, 0),
	(33, 4, 0),
	(34, 4, 0),
	(35, 4, 0),
	(36, 4, 0),
	(37, 4, 0),
	(38, 4, 0),
	(39, 4, 0),
	(40, 4, 0),
	(41, 4, 0),
	(42, 4, 0),
	(43, 4, 0),
	(44, 4, 0),
	(45, 4, 0),
	(46, 4, 0),
	(47, 4, 0),
	(48, 4, 0),
	(49, 4, 0),
	(50, 4, 0),
	(51, 4, 0),
	(52, 4, 0),
	(53, 4, 0),
	(54, 4, 0),
	(55, 4, 0),
	(56, 4, 0),
	(57, 4, 0),
	(58, 4, 0),
	(59, 4, 0),
	(60, 4, 0),
	(61, 4, 0),
	(62, 4, 0),
	(63, 4, 0),
	(64, 4, 1),
	(65, 4, 0),
	(66, 4, 0),
	(67, 4, 0),
	(68, 4, 0),
	(69, 4, 0),
	(70, 4, 0),
	(71, 4, 0),
	(72, 4, 0),
	(73, 4, 0),
	(74, 4, 0),
	(75, 4, 0),
	(76, 4, 1),
	(77, 4, 0),
	(78, 4, 0),
	(79, 4, 0),
	(80, 4, 0),
	(81, 4, 0),
	(82, 4, 1),
	(83, 4, 1),
	(84, 4, 0),
	(1, 5, 0),
	(2, 5, 1),
	(3, 5, 0),
	(4, 5, 1),
	(5, 5, 1),
	(6, 5, 0),
	(7, 5, 0),
	(8, 5, 0),
	(9, 5, 0),
	(10, 5, 1),
	(11, 5, 1),
	(12, 5, 1),
	(13, 5, 1),
	(14, 5, 1),
	(15, 5, 1),
	(16, 5, 1),
	(17, 5, 1),
	(18, 5, 1),
	(19, 5, 1),
	(20, 5, 1),
	(21, 5, 1),
	(22, 5, 1),
	(23, 5, 1),
	(24, 5, 1),
	(25, 5, 1),
	(26, 5, 1),
	(27, 5, 1),
	(28, 5, 1),
	(29, 5, 0),
	(30, 5, 0),
	(31, 5, 0),
	(32, 5, 0),
	(33, 5, 0),
	(34, 5, 0),
	(35, 5, 0),
	(36, 5, 0),
	(37, 5, 0),
	(38, 5, 0),
	(39, 5, 0),
	(40, 5, 0),
	(41, 5, 0),
	(42, 5, 0),
	(43, 5, 0),
	(44, 5, 0),
	(45, 5, 0),
	(46, 5, 0),
	(47, 5, 0),
	(48, 5, 0),
	(49, 5, 0),
	(50, 5, 0),
	(51, 5, 0),
	(52, 5, 0),
	(53, 5, 0),
	(54, 5, 0),
	(55, 5, 0),
	(56, 5, 1),
	(57, 5, 1),
	(58, 5, 1),
	(59, 5, 1),
	(60, 5, 1),
	(61, 5, 1),
	(62, 5, 1),
	(63, 5, 0),
	(64, 5, 0),
	(65, 5, 0),
	(66, 5, 0),
	(67, 5, 0),
	(68, 5, 0),
	(69, 5, 0),
	(70, 5, 1),
	(71, 5, 1),
	(72, 5, 0),
	(73, 5, 0),
	(74, 5, 0),
	(75, 5, 0),
	(76, 5, 0),
	(77, 5, 1),
	(78, 5, 1),
	(79, 5, 1),
	(80, 5, 1),
	(81, 5, 1),
	(82, 5, 0),
	(83, 5, 1),
	(84, 5, 0);
/*!40000 ALTER TABLE `dim_horario_producto_restriccion` ENABLE KEYS */;

-- Volcando estructura para tabla nutricion.dim_horario_tipo_restriccion
CREATE TABLE IF NOT EXISTS `dim_horario_tipo_restriccion` (
  `idtipo` int(11) NOT NULL,
  `idhorario` int(11) NOT NULL,
  `maximo` smallint(6) DEFAULT NULL,
  `obligatorio` tinyint(1) DEFAULT NULL,
  KEY `fk_tipo_idtipo1` (`idtipo`),
  KEY `fk_horario_idhorario1` (`idhorario`),
  CONSTRAINT `fk_horario_idhorario1` FOREIGN KEY (`idhorario`) REFERENCES `dim_horario` (`id`),
  CONSTRAINT `fk_tipo_idtipo1` FOREIGN KEY (`idtipo`) REFERENCES `dim_tipo` (`id`)
) ENGINE=InnoDB DEFAULT CHARSET=utf8mb4 COLLATE=utf8mb4_spanish_ci;

-- Volcando datos para la tabla nutricion.dim_horario_tipo_restriccion: ~45 rows (aproximadamente)
/*!40000 ALTER TABLE `dim_horario_tipo_restriccion` DISABLE KEYS */;
INSERT INTO `dim_horario_tipo_restriccion` (`idtipo`, `idhorario`, `maximo`, `obligatorio`) VALUES
	(1, 1, 1, 1),
	(2, 1, 0, 0),
	(3, 1, 2, 1),
	(4, 1, 0, 0),
	(5, 1, 2, 1),
	(6, 1, 0, 0),
	(7, 1, 1, 0),
	(8, 1, 1, 0),
	(9, 1, 1, 1),
	(1, 2, 1, 0),
	(2, 2, 0, 0),
	(3, 2, 1, 1),
	(4, 2, 0, 0),
	(5, 2, 0, 0),
	(6, 2, 0, 0),
	(7, 2, 0, 0),
	(8, 2, 1, 0),
	(9, 2, 1, 0),
	(1, 3, 1, 1),
	(2, 3, 6, 1),
	(3, 3, 1, 0),
	(4, 3, 1, 1),
	(5, 3, 1, 0),
	(6, 3, 1, 0),
	(7, 3, 1, 0),
	(8, 3, 0, 0),
	(9, 3, 1, 1),
	(1, 4, 1, 0),
	(2, 4, 0, 0),
	(3, 4, 0, 0),
	(4, 4, 0, 0),
	(5, 4, 1, 0),
	(6, 4, 0, 0),
	(7, 4, 0, 0),
	(8, 4, 1, 0),
	(9, 4, 1, 0),
	(1, 5, 1, 0),
	(2, 5, 6, 1),
	(3, 5, 0, 0),
	(4, 5, 1, 1),
	(5, 5, 0, 0),
	(6, 5, 0, 0),
	(7, 5, 1, 0),
	(8, 5, 0, 0),
	(9, 5, 1, 1);
/*!40000 ALTER TABLE `dim_horario_tipo_restriccion` ENABLE KEYS */;

-- Volcando estructura para tabla nutricion.dim_producto
CREATE TABLE IF NOT EXISTS `dim_producto` (
  `id` int(11) NOT NULL,
  `nombre` varchar(100) COLLATE utf8mb4_spanish_ci DEFAULT NULL,
  `medida` varchar(50) COLLATE utf8mb4_spanish_ci DEFAULT NULL,
  `kcal` int(11) DEFAULT NULL,
  `idtipo` int(11) DEFAULT NULL,
  PRIMARY KEY (`id`),
  KEY `dim_producto_dim_tipo_id_fk` (`idtipo`),
  CONSTRAINT `dim_producto_dim_tipo_id_fk` FOREIGN KEY (`idtipo`) REFERENCES `dim_tipo` (`id`)
) ENGINE=InnoDB DEFAULT CHARSET=utf8mb4 COLLATE=utf8mb4_spanish_ci;

-- Volcando datos para la tabla nutricion.dim_producto: ~84 rows (aproximadamente)
/*!40000 ALTER TABLE `dim_producto` DISABLE KEYS */;
INSERT INTO `dim_producto` (`id`, `nombre`, `medida`, `kcal`, `idtipo`) VALUES
	(1, 'ARROZ BLANCO COCIDO', 'gramos', 115, 1),
	(2, 'AVENA COCIDA', 'gramos', 54, 1),
	(3, 'FIDEO HERVIDO', 'gramos', 90, 1),
	(4, 'CHOCLO HERVIDO', 'gramos', 115, 1),
	(5, 'MOTE HERVIDO', 'gramos', 103, 1),
	(6, 'QUINUA COCIDA', 'gramos', 86, 1),
	(7, 'TRIGO COCIDO', 'gramos', 69, 1),
	(8, 'CEREAL SIN AZÚCAR', 'gramos', 108, 1),
	(9, 'TOSTADA INTEGRAL', 'unidad', 69, 1),
	(10, 'HOJAS DE ACELGA', 'gramos', 27, 2),
	(11, 'ALCACHOFA', 'gramos', 19, 2),
	(12, 'APIO', 'gramos', 21, 2),
	(13, 'BERENJENA', 'gramos', 41, 2),
	(14, 'BRÓCOLI HERVIDO', 'gramos', 40, 2),
	(15, 'CAIGUA HERVIDA', 'gramos', 15, 2),
	(16, 'CEBOLLA', 'gramos', 33, 2),
	(17, 'COL BLANCA', 'gramos', 23, 2),
	(18, 'COLIFLOR', 'gramos', 28, 2),
	(19, 'ESPÁRRAGOS HERVIDOS', 'gramos', 23, 2),
	(20, 'LECHUGA', 'gramos', 12, 2),
	(21, 'NABO', 'gramos', 16, 2),
	(22, 'PEPINILLO', 'gramos', 11, 2),
	(23, 'PORO HERVIDO', 'gramos', 40, 2),
	(24, 'RABANITOS', 'gramos', 14, 2),
	(25, 'TOMATE', 'gramos', 19, 2),
	(26, 'VAINITAS HERVIDAS', 'gramos', 37, 2),
	(27, 'ZANAHORIA HERVIDA', 'gramos', 41, 2),
	(28, 'ZAPALLO HERVIDO', 'gramos', 26, 2),
	(29, 'CHIRIMOYA', 'gramos', 87, 3),
	(30, 'CIRUELA', 'gramos', 82, 3),
	(31, 'COCONA', 'gramos', 41, 3),
	(32, 'FRESA', 'gramos', 41, 3),
	(33, 'GRANADA', 'gramos', 68, 3),
	(34, 'GRANADILLA', 'gramos', 80, 3),
	(35, 'GUANÁBANA', 'gramos', 56, 3),
	(36, 'LIMA', 'gramos', 27, 3),
	(37, 'MAMEY', 'gramos', 37, 3),
	(38, 'MANDARINA', 'gramos', 35, 3),
	(39, 'MANGO', 'gramos', 60, 3),
	(40, 'MANZANA NACIONAL', 'gramos', 54, 3),
	(41, 'MELOCOTÓN', 'gramos', 64, 3),
	(42, 'MELÓN', 'gramos', 23, 3),
	(43, 'NARANJA', 'gramos', 40, 3),
	(44, 'PALTA', 'gramos', 131, 3),
	(45, 'PAPAYA', 'gramos', 32, 3),
	(46, 'PEPINO DULCE', 'gramos', 26, 3),
	(47, 'PERA DE AGUA', 'gramos', 53, 3),
	(48, 'PIÑA', 'gramos', 38, 3),
	(49, 'PLÁTANO DE SEDA', 'gramos', 83, 3),
	(50, 'SANDÍA', 'gramos', 24, 3),
	(51, 'TORONJA', 'gramos', 36, 3),
	(52, 'UVA VERDE', 'gramos', 66, 3),
	(53, 'UVA NEGRA', 'gramos', 67, 3),
	(54, 'PULPA DE CANGREJO', 'gramos', 94, 4),
	(55, 'LANGOSTINO BLANCO', 'gramos', 68, 4),
	(56, 'ATÚN ENLATADO EN AGUA', 'gramos', 116, 4),
	(57, 'PESCADO BONITO HERVIDO', 'gramos', 138, 4),
	(58, 'PESCADO JUREL HERVIDO', 'gramos', 121, 4),
	(59, 'PESCADO TOYO HERVIDO', 'gramos', 85, 4),
	(60, 'PECHUGA DE GALLINA HERVIDA', 'gramos', 108, 4),
	(61, 'PECHUGA DE POLLO HERVIDA', 'gramos', 119, 4),
	(62, 'PECHUGA DE PAVO HERVIDA', 'gramos', 105, 4),
	(63, 'CARNE DE RES HERVIDA', 'gramos', 105, 4),
	(64, 'CLARA DE HUEVO', 'unidad', 51, 5),
	(65, 'YEMA DE HUEVO', 'unidad', 354, 5),
	(66, 'GARBANZO COCIDO', 'gramos', 99, 6),
	(67, 'HABAS COCIDAS', 'gramos', 102, 6),
	(68, 'LENTEJAS COCIDAS', 'gramos', 97, 6),
	(69, 'PALLAR COCIDO', 'gramos', 103, 6),
	(70, 'CAMOTE AMARILLO HERVIDO', 'gramos', 116, 7),
	(71, 'OLLUCO HERVIDO', 'gramos', 62, 7),
	(72, 'PAPA AMARILLA HERVIDA', 'gramos', 103, 7),
	(73, 'PAPA BLANCA HERVIDA', 'gramos', 97, 7),
	(74, 'QUESO LIGHT', 'gramos', 64, 8),
	(75, 'LECHE DESNATADA', 'mililitros', 37, 8),
	(76, 'YOGURT GRIEGO', 'gramos', 139, 8),
	(77, 'CAFÉ DESCAFEINADO SIN AZÚCAR', 'mililitros', 2, 9),
	(78, 'TÉ SIN AZÚCAR', 'mililitros', 2, 9),
	(79, 'MANZANILLA SIN AZÚCAR', 'mililitros', 1, 9),
	(80, 'ANÍS SIN AZÚCAR', 'mililitros', 1, 9),
	(81, 'HIERBA LUISA SIN AZÚCAR', 'mililitros', 1, 9),
	(82, 'SOYA SIN AZÚCAR', 'mililitros', 35, 9),
	(83, 'JUGO DE LIMÓN SIN AZÚCAR', 'mililitros', 30, 9),
	(84, 'ZUMO DE NARANJA SIN AZÚCAR', 'mililitros', 44, 9);
/*!40000 ALTER TABLE `dim_producto` ENABLE KEYS */;

-- Volcando estructura para tabla nutricion.dim_tipo
CREATE TABLE IF NOT EXISTS `dim_tipo` (
  `id` int(11) NOT NULL,
  `alias` varchar(100) COLLATE utf8mb4_spanish_ci DEFAULT NULL,
  `nombre` varchar(150) COLLATE utf8mb4_spanish_ci DEFAULT NULL,
  PRIMARY KEY (`id`)
) ENGINE=InnoDB DEFAULT CHARSET=utf8mb4 COLLATE=utf8mb4_spanish_ci;

-- Volcando datos para la tabla nutricion.dim_tipo: ~9 rows (aproximadamente)
/*!40000 ALTER TABLE `dim_tipo` DISABLE KEYS */;
INSERT INTO `dim_tipo` (`id`, `alias`, `nombre`) VALUES
	(1, 'CEREALES', 'CEREALES'),
	(2, 'VERDURAS', 'VERDURAS'),
	(3, 'FRUTAS', 'FRUTAS'),
	(4, 'CARNES', 'CARNES'),
	(5, 'HUEVOS', 'HUEVOS'),
	(6, 'LEGUMBRES', 'LEGUMBRES'),
	(7, 'TUBERCULO', 'TUBERCULO'),
	(8, 'LACTEOS', 'LACTEOS'),
	(9, 'BEBIDAS', 'BEBIDAS');
/*!40000 ALTER TABLE `dim_tipo` ENABLE KEYS */;

-- Volcando estructura para vista nutricion.encryptacion
-- Creando tabla temporal para superar errores de dependencia de VIEW
CREATE TABLE `encryptacion` (
	`SHA2("", 256)` VARCHAR(64) NULL COLLATE 'utf8mb4_general_ci',
	`substring( sha2(uuid(), 256) from 1 for 60)` VARCHAR(60) NULL COLLATE 'utf8mb4_general_ci',
	`SUBSTRING(SHA2(RAND(),256) FROM 1 FOR 60)` VARCHAR(60) NULL COLLATE 'utf8mb4_general_ci'
) ENGINE=MyISAM;

-- Volcando estructura para tabla nutricion.fact_recomendacion
CREATE TABLE IF NOT EXISTS `fact_recomendacion` (
  `id` int(11) NOT NULL AUTO_INCREMENT,
  `idproducto` int(11) DEFAULT NULL,
  `idhorario` int(11) DEFAULT NULL,
  `maximo` tinyint(4) DEFAULT NULL,
  `obligatorio` tinyint(4) DEFAULT NULL,
  PRIMARY KEY (`id`),
  KEY `fact_combinacion_fk` (`idhorario`),
  KEY `fact_combinacion_fk_1` (`idproducto`),
  CONSTRAINT `fact_combinacion_fk` FOREIGN KEY (`idhorario`) REFERENCES `dim_horario` (`id`),
  CONSTRAINT `fact_combinacion_fk_1` FOREIGN KEY (`idproducto`) REFERENCES `dim_producto` (`id`)
) ENGINE=InnoDB AUTO_INCREMENT=163 DEFAULT CHARSET=utf8mb4 COLLATE=utf8mb4_spanish_ci;

-- Volcando datos para la tabla nutricion.fact_recomendacion: ~162 rows (aproximadamente)
/*!40000 ALTER TABLE `fact_recomendacion` DISABLE KEYS */;
INSERT INTO `fact_recomendacion` (`id`, `idproducto`, `idhorario`, `maximo`, `obligatorio`) VALUES
	(1, 2, 1, 1, 1),
	(2, 6, 1, 1, 1),
	(3, 7, 1, 1, 1),
	(4, 8, 1, 1, 1),
	(5, 9, 1, 1, 1),
	(6, 53, 1, 2, 1),
	(7, 32, 1, 2, 1),
	(8, 43, 1, 2, 1),
	(9, 33, 1, 2, 1),
	(10, 44, 1, 2, 1),
	(11, 34, 1, 2, 1),
	(12, 45, 1, 2, 1),
	(13, 35, 1, 2, 1),
	(14, 46, 1, 2, 1),
	(15, 36, 1, 2, 1),
	(16, 47, 1, 2, 1),
	(17, 37, 1, 2, 1),
	(18, 48, 1, 2, 1),
	(19, 38, 1, 2, 1),
	(20, 49, 1, 2, 1),
	(21, 39, 1, 2, 1),
	(22, 50, 1, 2, 1),
	(23, 29, 1, 2, 1),
	(24, 40, 1, 2, 1),
	(25, 51, 1, 2, 1),
	(26, 30, 1, 2, 1),
	(27, 41, 1, 2, 1),
	(28, 52, 1, 2, 1),
	(29, 31, 1, 2, 1),
	(30, 42, 1, 2, 1),
	(31, 64, 1, 2, 1),
	(32, 65, 1, 2, 1),
	(33, 70, 1, 1, 0),
	(34, 74, 1, 1, 0),
	(35, 75, 1, 1, 0),
	(36, 76, 1, 1, 0),
	(37, 81, 1, 1, 1),
	(38, 84, 1, 1, 1),
	(39, 77, 1, 1, 1),
	(40, 78, 1, 1, 1),
	(41, 79, 1, 1, 1),
	(42, 80, 1, 1, 1),
	(43, 8, 2, 1, 0),
	(44, 48, 2, 1, 1),
	(45, 37, 2, 1, 1),
	(46, 49, 2, 1, 1),
	(47, 38, 2, 1, 1),
	(48, 50, 2, 1, 1),
	(49, 39, 2, 1, 1),
	(50, 51, 2, 1, 1),
	(51, 29, 2, 1, 1),
	(52, 40, 2, 1, 1),
	(53, 52, 2, 1, 1),
	(54, 30, 2, 1, 1),
	(55, 41, 2, 1, 1),
	(56, 53, 2, 1, 1),
	(57, 31, 2, 1, 1),
	(58, 42, 2, 1, 1),
	(59, 32, 2, 1, 1),
	(60, 43, 2, 1, 1),
	(61, 33, 2, 1, 1),
	(62, 45, 2, 1, 1),
	(63, 34, 2, 1, 1),
	(64, 46, 2, 1, 1),
	(65, 35, 2, 1, 1),
	(66, 47, 2, 1, 1),
	(67, 36, 2, 1, 1),
	(68, 76, 2, 1, 0),
	(69, 82, 2, 1, 0),
	(70, 83, 2, 1, 0),
	(71, 84, 2, 1, 0),
	(72, 3, 3, 1, 1),
	(73, 4, 3, 1, 1),
	(74, 5, 3, 1, 1),
	(75, 7, 3, 1, 1),
	(76, 1, 3, 1, 1),
	(77, 27, 3, 6, 1),
	(78, 17, 3, 6, 1),
	(79, 28, 3, 6, 1),
	(80, 18, 3, 6, 1),
	(81, 19, 3, 6, 1),
	(82, 20, 3, 6, 1),
	(83, 10, 3, 6, 1),
	(84, 21, 3, 6, 1),
	(85, 11, 3, 6, 1),
	(86, 22, 3, 6, 1),
	(87, 12, 3, 6, 1),
	(88, 23, 3, 6, 1),
	(89, 13, 3, 6, 1),
	(90, 24, 3, 6, 1),
	(91, 14, 3, 6, 1),
	(92, 25, 3, 6, 1),
	(93, 15, 3, 6, 1),
	(94, 26, 3, 6, 1),
	(95, 16, 3, 6, 1),
	(96, 44, 3, 1, 0),
	(97, 62, 3, 1, 1),
	(98, 63, 3, 1, 1),
	(99, 54, 3, 1, 1),
	(100, 55, 3, 1, 1),
	(101, 56, 3, 1, 1),
	(102, 57, 3, 1, 1),
	(103, 58, 3, 1, 1),
	(104, 59, 3, 1, 1),
	(105, 60, 3, 1, 1),
	(106, 61, 3, 1, 1),
	(107, 64, 3, 1, 0),
	(108, 66, 3, 1, 0),
	(109, 67, 3, 1, 0),
	(110, 68, 3, 1, 0),
	(111, 69, 3, 1, 0),
	(112, 70, 3, 1, 0),
	(113, 71, 3, 1, 0),
	(114, 72, 3, 1, 0),
	(115, 73, 3, 1, 0),
	(116, 78, 3, 1, 1),
	(117, 79, 3, 1, 1),
	(118, 80, 3, 1, 1),
	(119, 81, 3, 1, 1),
	(120, 82, 3, 1, 1),
	(121, 8, 4, 1, 0),
	(122, 64, 4, 1, 0),
	(123, 76, 4, 1, 0),
	(124, 82, 4, 1, 0),
	(125, 83, 4, 1, 0),
	(126, 2, 5, 1, 0),
	(127, 4, 5, 1, 0),
	(128, 5, 5, 1, 0),
	(129, 18, 5, 6, 1),
	(130, 19, 5, 6, 1),
	(131, 20, 5, 6, 1),
	(132, 10, 5, 6, 1),
	(133, 21, 5, 6, 1),
	(134, 11, 5, 6, 1),
	(135, 22, 5, 6, 1),
	(136, 12, 5, 6, 1),
	(137, 23, 5, 6, 1),
	(138, 13, 5, 6, 1),
	(139, 24, 5, 6, 1),
	(140, 14, 5, 6, 1),
	(141, 25, 5, 6, 1),
	(142, 15, 5, 6, 1),
	(143, 26, 5, 6, 1),
	(144, 16, 5, 6, 1),
	(145, 27, 5, 6, 1),
	(146, 17, 5, 6, 1),
	(147, 28, 5, 6, 1),
	(148, 56, 5, 1, 1),
	(149, 57, 5, 1, 1),
	(150, 58, 5, 1, 1),
	(151, 59, 5, 1, 1),
	(152, 60, 5, 1, 1),
	(153, 61, 5, 1, 1),
	(154, 62, 5, 1, 1),
	(155, 70, 5, 1, 0),
	(156, 71, 5, 1, 0),
	(157, 78, 5, 1, 1),
	(158, 79, 5, 1, 1),
	(159, 80, 5, 1, 1),
	(160, 81, 5, 1, 1),
	(161, 83, 5, 1, 1),
	(162, 77, 5, 1, 1);
/*!40000 ALTER TABLE `fact_recomendacion` ENABLE KEYS */;

-- Volcando estructura para vista nutricion.productos_buscar
-- Creando tabla temporal para superar errores de dependencia de VIEW
CREATE TABLE `productos_buscar` (
	`id` INT(11) NOT NULL,
	`nombre` VARCHAR(100) NULL COLLATE 'utf8mb4_spanish_ci',
	`medida` VARCHAR(50) NULL COLLATE 'utf8mb4_spanish_ci',
	`kcal` INT(11) NULL,
	`idhorario` INT(11) NOT NULL,
	`horario` VARCHAR(100) NOT NULL COLLATE 'utf8mb4_spanish_ci',
	`porcentaje` DECIMAL(5,2) NULL,
	`idtipo` INT(11) NOT NULL,
	`tipo` VARCHAR(100) NULL COLLATE 'utf8mb4_spanish_ci',
	`obligatorio` TINYINT(1) NULL,
	`maximo` SMALLINT(6) NULL
) ENGINE=MyISAM;

-- Volcando estructura para tabla nutricion.tbl_combinacion
CREATE TABLE IF NOT EXISTS `tbl_combinacion` (
  `idcombinacion` int(11) NOT NULL AUTO_INCREMENT,
  `iddieta` int(11) DEFAULT NULL,
  `idhorario` int(11) DEFAULT NULL,
  `kcaltotal` decimal(8,2) DEFAULT NULL,
  PRIMARY KEY (`idcombinacion`),
  KEY `tbl_combinacion_tbl_dieta_iddieta_fk` (`iddieta`),
  CONSTRAINT `tbl_combinacion_tbl_dieta_iddieta_fk` FOREIGN KEY (`iddieta`) REFERENCES `tbl_dieta` (`iddieta`) ON DELETE CASCADE ON UPDATE CASCADE
) ENGINE=InnoDB AUTO_INCREMENT=4511 DEFAULT CHARSET=utf8mb4 COLLATE=utf8mb4_spanish_ci;

-- Volcando datos para la tabla nutricion.tbl_combinacion: ~815 rows (aproximadamente)
/*!40000 ALTER TABLE `tbl_combinacion` DISABLE KEYS */;
INSERT INTO `tbl_combinacion` (`idcombinacion`, `iddieta`, `idhorario`, `kcaltotal`) VALUES
	(3611, 491, 1, 499.60),
	(3612, 491, 2, 238.90),
	(3613, 491, 3, 866.50),
	(3614, 491, 4, 250.20),
	(3615, 491, 5, 620.90),
	(3616, 492, 1, 504.90),
	(3617, 492, 2, 247.20),
	(3618, 492, 3, 882.30),
	(3619, 492, 4, 226.50),
	(3620, 492, 5, 616.50),
	(3621, 493, 1, 499.90),
	(3622, 493, 2, 238.80),
	(3623, 493, 3, 867.10),
	(3624, 493, 4, 230.40),
	(3625, 493, 5, 623.70),
	(3626, 494, 1, 487.30),
	(3627, 494, 2, 234.10),
	(3628, 494, 3, 881.90),
	(3629, 494, 4, 250.20),
	(3630, 494, 5, 627.30),
	(3631, 495, 1, 497.10),
	(3632, 495, 2, 235.30),
	(3633, 495, 3, 860.60),
	(3634, 495, 4, 250.20),
	(3635, 495, 5, 617.40),
	(3636, 497, 1, 496.60),
	(3637, 497, 2, 234.40),
	(3638, 497, 3, 862.50),
	(3639, 497, 4, 231.50),
	(3640, 497, 5, 628.90),
	(3641, 498, 1, 499.60),
	(3642, 498, 2, 238.90),
	(3643, 498, 3, 866.50),
	(3644, 498, 4, 250.20),
	(3645, 498, 5, 620.90),
	(3646, 499, 1, 504.90),
	(3647, 499, 2, 247.20),
	(3648, 499, 3, 882.30),
	(3649, 499, 4, 226.50),
	(3650, 499, 5, 616.50),
	(3651, 500, 1, 499.90),
	(3652, 500, 2, 238.80),
	(3653, 500, 3, 867.10),
	(3654, 500, 4, 230.40),
	(3655, 500, 5, 623.70),
	(3656, 501, 1, 487.30),
	(3657, 501, 2, 234.10),
	(3658, 501, 3, 881.90),
	(3659, 501, 4, 250.20),
	(3660, 501, 5, 627.30),
	(3661, 502, 1, 497.10),
	(3662, 502, 2, 235.30),
	(3663, 502, 3, 860.60),
	(3664, 502, 4, 250.20),
	(3665, 502, 5, 617.40),
	(3666, 504, 1, 496.60),
	(3667, 504, 2, 234.40),
	(3668, 504, 3, 862.50),
	(3669, 504, 4, 231.50),
	(3670, 504, 5, 628.90),
	(3671, 505, 1, 507.10),
	(3672, 505, 2, 240.00),
	(3673, 505, 3, 903.10),
	(3674, 505, 4, 254.10),
	(3675, 505, 5, 649.20),
	(3676, 506, 1, 522.60),
	(3677, 506, 2, 241.70),
	(3678, 506, 3, 894.70),
	(3679, 506, 4, 236.30),
	(3680, 506, 5, 637.40),
	(3681, 507, 1, 502.80),
	(3682, 507, 2, 254.40),
	(3683, 507, 3, 914.30),
	(3684, 507, 4, 250.20),
	(3685, 507, 5, 643.40),
	(3686, 508, 1, 523.30),
	(3687, 508, 2, 233.10),
	(3688, 508, 3, 897.90),
	(3689, 508, 4, 250.20),
	(3690, 508, 5, 648.50),
	(3691, 509, 1, 515.20),
	(3692, 509, 2, 253.80),
	(3693, 509, 3, 915.50),
	(3694, 509, 4, 236.80),
	(3695, 509, 5, 633.00),
	(3696, 511, 1, 510.70),
	(3697, 511, 2, 238.80),
	(3698, 511, 3, 910.10),
	(3699, 511, 4, 259.50),
	(3700, 511, 5, 628.90),
	(3701, 512, 1, 507.10),
	(3702, 512, 2, 240.00),
	(3703, 512, 3, 903.10),
	(3704, 512, 4, 254.10),
	(3705, 512, 5, 649.20),
	(3706, 513, 1, 522.60),
	(3707, 513, 2, 241.70),
	(3708, 513, 3, 894.70),
	(3709, 513, 4, 236.30),
	(3710, 513, 5, 637.40),
	(3711, 514, 1, 502.80),
	(3712, 514, 2, 254.40),
	(3713, 514, 3, 914.30),
	(3714, 514, 4, 250.20),
	(3715, 514, 5, 643.40),
	(3716, 515, 1, 523.30),
	(3717, 515, 2, 233.10),
	(3718, 515, 3, 897.90),
	(3719, 515, 4, 250.20),
	(3720, 515, 5, 648.50),
	(3721, 516, 1, 515.20),
	(3722, 516, 2, 253.80),
	(3723, 516, 3, 915.50),
	(3724, 516, 4, 236.80),
	(3725, 516, 5, 633.00),
	(3726, 518, 1, 510.70),
	(3727, 518, 2, 238.80),
	(3728, 518, 3, 910.10),
	(3729, 518, 4, 259.50),
	(3730, 518, 5, 628.90),
	(3731, 519, 1, 336.90),
	(3732, 519, 2, 157.20),
	(3733, 519, 3, 632.70),
	(3734, 519, 4, 171.50),
	(3735, 519, 5, 449.40),
	(3736, 520, 1, 337.10),
	(3737, 520, 2, 156.10),
	(3738, 520, 3, 632.80),
	(3739, 520, 4, 156.40),
	(3740, 520, 5, 429.40),
	(3741, 521, 1, 334.40),
	(3742, 521, 2, 180.20),
	(3743, 521, 3, 624.50),
	(3744, 521, 4, 176.10),
	(3745, 521, 5, 444.30),
	(3746, 522, 1, 350.80),
	(3747, 522, 2, 167.90),
	(3748, 522, 3, 616.60),
	(3749, 522, 4, 178.20),
	(3750, 522, 5, 439.60),
	(3751, 523, 1, 349.80),
	(3752, 523, 2, 153.20),
	(3753, 523, 3, 636.40),
	(3754, 523, 4, 166.80),
	(3755, 523, 5, 455.10),
	(3756, 525, 1, 352.50),
	(3757, 525, 2, 174.60),
	(3758, 525, 3, 617.00),
	(3759, 525, 4, 153.10),
	(3760, 525, 5, 439.10),
	(3761, 526, 1, 336.90),
	(3762, 526, 2, 157.20),
	(3763, 526, 3, 632.70),
	(3764, 526, 4, 171.50),
	(3765, 526, 5, 449.40),
	(3766, 527, 1, 337.10),
	(3767, 527, 2, 156.10),
	(3768, 527, 3, 632.80),
	(3769, 527, 4, 156.40),
	(3770, 527, 5, 429.40),
	(3771, 528, 1, 334.40),
	(3772, 528, 2, 180.20),
	(3773, 528, 3, 624.50),
	(3774, 528, 4, 176.10),
	(3775, 528, 5, 444.30),
	(3776, 529, 1, 350.80),
	(3777, 529, 2, 167.90),
	(3778, 529, 3, 616.60),
	(3779, 529, 4, 178.20),
	(3780, 529, 5, 439.60),
	(3781, 530, 1, 349.80),
	(3782, 530, 2, 153.20),
	(3783, 530, 3, 636.40),
	(3784, 530, 4, 166.80),
	(3785, 530, 5, 455.10),
	(3786, 532, 1, 352.50),
	(3787, 532, 2, 174.60),
	(3788, 532, 3, 617.00),
	(3789, 532, 4, 153.10),
	(3790, 532, 5, 439.10),
	(3791, 534, 1, 619.80),
	(3792, 534, 2, 288.60),
	(3793, 534, 3, 1088.00),
	(3794, 534, 4, 305.80),
	(3795, 534, 5, 766.40),
	(3796, 535, 1, 619.70),
	(3797, 535, 2, 311.60),
	(3798, 535, 3, 1090.80),
	(3799, 535, 4, 312.00),
	(3800, 535, 5, 756.20),
	(3801, 536, 1, 619.70),
	(3802, 536, 2, 286.20),
	(3803, 536, 3, 1092.00),
	(3804, 536, 4, 300.30),
	(3805, 536, 5, 775.20),
	(3806, 537, 1, 613.00),
	(3807, 537, 2, 312.50),
	(3808, 537, 3, 1082.30),
	(3809, 537, 4, 310.50),
	(3810, 537, 5, 765.80),
	(3811, 538, 1, 601.40),
	(3812, 538, 2, 305.40),
	(3813, 538, 3, 1072.10),
	(3814, 538, 4, 308.70),
	(3815, 538, 5, 774.70),
	(3816, 539, 1, 614.20),
	(3817, 539, 2, 283.40),
	(3818, 539, 3, 1080.90),
	(3819, 539, 4, 301.20),
	(3820, 539, 5, 773.80),
	(3821, 541, 1, 619.80),
	(3822, 541, 2, 288.60),
	(3823, 541, 3, 1088.00),
	(3824, 541, 4, 305.80),
	(3825, 541, 5, 766.40),
	(3826, 542, 1, 619.70),
	(3827, 542, 2, 311.60),
	(3828, 542, 3, 1090.80),
	(3829, 542, 4, 312.00),
	(3830, 542, 5, 756.20),
	(3831, 543, 1, 619.70),
	(3832, 543, 2, 286.20),
	(3833, 543, 3, 1092.00),
	(3834, 543, 4, 300.30),
	(3835, 543, 5, 775.20),
	(3836, 544, 1, 613.00),
	(3837, 544, 2, 312.50),
	(3838, 544, 3, 1082.30),
	(3839, 544, 4, 310.50),
	(3840, 544, 5, 765.80),
	(3841, 545, 1, 601.40),
	(3842, 545, 2, 305.40),
	(3843, 545, 3, 1072.10),
	(3844, 545, 4, 308.70),
	(3845, 545, 5, 774.70),
	(3846, 546, 1, 614.20),
	(3847, 546, 2, 283.40),
	(3848, 546, 3, 1080.90),
	(3849, 546, 4, 301.20),
	(3850, 546, 5, 773.80),
	(3851, 547, 1, 414.30),
	(3852, 547, 2, 186.30),
	(3853, 547, 3, 734.30),
	(3854, 547, 4, 208.50),
	(3855, 547, 5, 514.00),
	(3856, 548, 1, 410.60),
	(3857, 548, 2, 196.40),
	(3858, 548, 3, 739.70),
	(3859, 548, 4, 199.20),
	(3860, 548, 5, 512.10),
	(3861, 549, 1, 409.60),
	(3862, 549, 2, 201.60),
	(3863, 549, 3, 738.60),
	(3864, 549, 4, 210.00),
	(3865, 549, 5, 528.10),
	(3866, 550, 1, 406.40),
	(3867, 550, 2, 193.80),
	(3868, 550, 3, 733.50),
	(3869, 550, 4, 185.40),
	(3870, 550, 5, 512.00),
	(3871, 552, 1, 418.20),
	(3872, 552, 2, 197.50),
	(3873, 552, 3, 732.40),
	(3874, 552, 4, 190.20),
	(3875, 552, 5, 515.30),
	(3876, 553, 1, 409.40),
	(3877, 553, 2, 190.00),
	(3878, 553, 3, 719.60),
	(3879, 553, 4, 201.80),
	(3880, 553, 5, 510.50),
	(3881, 554, 1, 414.30),
	(3882, 554, 2, 186.30),
	(3883, 554, 3, 734.30),
	(3884, 554, 4, 208.50),
	(3885, 554, 5, 514.00),
	(3886, 555, 1, 410.60),
	(3887, 555, 2, 196.40),
	(3888, 555, 3, 739.70),
	(3889, 555, 4, 199.20),
	(3890, 555, 5, 512.10),
	(3891, 556, 1, 409.60),
	(3892, 556, 2, 201.60),
	(3893, 556, 3, 738.60),
	(3894, 556, 4, 210.00),
	(3895, 556, 5, 528.10),
	(3896, 557, 1, 406.40),
	(3897, 557, 2, 193.80),
	(3898, 557, 3, 733.50),
	(3899, 557, 4, 185.40),
	(3900, 557, 5, 512.00),
	(3901, 559, 1, 418.20),
	(3902, 559, 2, 197.50),
	(3903, 559, 3, 732.40),
	(3904, 559, 4, 190.20),
	(3905, 559, 5, 515.30),
	(3906, 560, 1, 409.40),
	(3907, 560, 2, 190.00),
	(3908, 560, 3, 719.60),
	(3909, 560, 4, 201.80),
	(3910, 560, 5, 510.50),
	(3911, 561, 1, 746.30),
	(3912, 561, 2, 379.80),
	(3913, 561, 3, 1041.50),
	(3914, 561, 4, 359.40),
	(3915, 561, 5, 921.30),
	(3916, 562, 1, 745.80),
	(3917, 562, 2, 357.40),
	(3918, 562, 3, 1018.90),
	(3919, 562, 4, 358.20),
	(3920, 562, 5, 920.40),
	(3921, 563, 1, 736.00),
	(3922, 563, 2, 371.60),
	(3923, 563, 3, 961.50),
	(3924, 563, 4, 370.50),
	(3925, 563, 5, 933.10),
	(3926, 564, 1, 747.00),
	(3927, 564, 2, 360.90),
	(3928, 564, 3, 970.50),
	(3929, 564, 4, 351.10),
	(3930, 564, 5, 923.60),
	(3931, 565, 1, 751.20),
	(3932, 565, 2, 373.50),
	(3933, 565, 3, 1027.70),
	(3934, 565, 4, 366.30),
	(3935, 565, 5, 944.80),
	(3936, 567, 1, 759.20),
	(3937, 567, 2, 370.50),
	(3938, 567, 3, 971.40),
	(3939, 567, 4, 356.70),
	(3940, 567, 5, 938.30),
	(3941, 568, 1, 746.30),
	(3942, 568, 2, 379.80),
	(3943, 568, 3, 1041.50),
	(3944, 568, 4, 359.40),
	(3945, 568, 5, 921.30),
	(3946, 569, 1, 745.80),
	(3947, 569, 2, 357.40),
	(3948, 569, 3, 1018.90),
	(3949, 569, 4, 358.20),
	(3950, 569, 5, 920.40),
	(3951, 570, 1, 736.00),
	(3952, 570, 2, 371.60),
	(3953, 570, 3, 961.50),
	(3954, 570, 4, 370.50),
	(3955, 570, 5, 933.10),
	(3956, 571, 1, 747.00),
	(3957, 571, 2, 360.90),
	(3958, 571, 3, 970.50),
	(3959, 571, 4, 351.10),
	(3960, 571, 5, 923.60),
	(3961, 572, 1, 751.20),
	(3962, 572, 2, 373.50),
	(3963, 572, 3, 1027.70),
	(3964, 572, 4, 366.30),
	(3965, 572, 5, 944.80),
	(3966, 574, 1, 759.20),
	(3967, 574, 2, 370.50),
	(3968, 574, 3, 971.40),
	(3969, 574, 4, 356.70),
	(3970, 574, 5, 938.30),
	(3971, 575, 1, 663.30),
	(3972, 575, 2, 313.80),
	(3973, 575, 3, 1163.20),
	(3974, 575, 4, 327.40),
	(3975, 575, 5, 818.10),
	(3976, 576, 1, 653.20),
	(3977, 576, 2, 325.60),
	(3978, 576, 3, 1171.70),
	(3979, 576, 4, 324.40),
	(3980, 576, 5, 841.00),
	(3981, 577, 1, 659.00),
	(3982, 577, 2, 311.60),
	(3983, 577, 3, 1167.30),
	(3984, 577, 4, 309.50),
	(3985, 577, 5, 834.80),
	(3986, 578, 1, 660.90),
	(3987, 578, 2, 310.30),
	(3988, 578, 3, 1177.70),
	(3989, 578, 4, 321.20),
	(3990, 578, 5, 825.30),
	(3991, 579, 1, 656.10),
	(3992, 579, 2, 330.20),
	(3993, 579, 3, 1162.90),
	(3994, 579, 4, 318.00),
	(3995, 579, 5, 832.20),
	(3996, 581, 1, 670.00),
	(3997, 581, 2, 329.90),
	(3998, 581, 3, 1186.70),
	(3999, 581, 4, 336.60),
	(4000, 581, 5, 836.40),
	(4001, 582, 1, 663.30),
	(4002, 582, 2, 313.80),
	(4003, 582, 3, 1163.20),
	(4004, 582, 4, 327.40),
	(4005, 582, 5, 818.10),
	(4006, 583, 1, 653.20),
	(4007, 583, 2, 325.60),
	(4008, 583, 3, 1171.70),
	(4009, 583, 4, 324.40),
	(4010, 583, 5, 841.00),
	(4011, 584, 1, 659.00),
	(4012, 584, 2, 311.60),
	(4013, 584, 3, 1167.30),
	(4014, 584, 4, 309.50),
	(4015, 584, 5, 834.80),
	(4016, 585, 1, 660.90),
	(4017, 585, 2, 310.30),
	(4018, 585, 3, 1177.70),
	(4019, 585, 4, 321.20),
	(4020, 585, 5, 825.30),
	(4021, 586, 1, 656.10),
	(4022, 586, 2, 330.20),
	(4023, 586, 3, 1162.90),
	(4024, 586, 4, 318.00),
	(4025, 586, 5, 832.20),
	(4026, 588, 1, 670.00),
	(4027, 588, 2, 329.90),
	(4028, 588, 3, 1186.70),
	(4029, 588, 4, 336.60),
	(4030, 588, 5, 836.40),
	(4031, 589, 1, 605.50),
	(4032, 589, 2, 287.20),
	(4033, 589, 3, 1081.20),
	(4034, 589, 4, 303.80),
	(4035, 589, 5, 764.20),
	(4036, 590, 1, 617.60),
	(4037, 590, 2, 299.20),
	(4038, 590, 3, 1072.10),
	(4039, 590, 4, 306.00),
	(4040, 590, 5, 766.30),
	(4041, 591, 1, 603.10),
	(4042, 591, 2, 293.70),
	(4043, 591, 3, 1080.80),
	(4044, 591, 4, 286.40),
	(4045, 591, 5, 761.80),
	(4046, 592, 1, 613.60),
	(4047, 592, 2, 288.40),
	(4048, 592, 3, 1060.40),
	(4049, 592, 4, 292.00),
	(4050, 592, 5, 759.10),
	(4051, 593, 1, 598.00),
	(4052, 593, 2, 281.60),
	(4053, 593, 3, 1071.20),
	(4054, 593, 4, 307.20),
	(4055, 593, 5, 769.90),
	(4056, 595, 1, 609.00),
	(4057, 595, 2, 296.20),
	(4058, 595, 3, 1081.60),
	(4059, 595, 4, 286.20),
	(4060, 595, 5, 751.30),
	(4061, 596, 1, 605.50),
	(4062, 596, 2, 287.20),
	(4063, 596, 3, 1081.20),
	(4064, 596, 4, 303.80),
	(4065, 596, 5, 764.20),
	(4151, 617, 1, 578.00),
	(4152, 617, 2, 287.60),
	(4153, 617, 3, 1033.40),
	(4154, 617, 4, 294.00),
	(4155, 617, 5, 746.00),
	(4156, 618, 1, 583.50),
	(4157, 618, 2, 297.90),
	(4158, 618, 3, 908.50),
	(4159, 618, 4, 264.40),
	(4160, 618, 5, 748.20),
	(4161, 619, 1, 620.50),
	(4162, 619, 2, 292.50),
	(4163, 619, 3, 998.70),
	(4164, 619, 4, 267.00),
	(4165, 619, 5, 752.00),
	(4166, 620, 1, 622.30),
	(4167, 620, 2, 277.40),
	(4168, 620, 3, 994.40),
	(4169, 620, 4, 277.80),
	(4170, 620, 5, 746.10),
	(4171, 622, 1, 610.50),
	(4172, 622, 2, 300.10),
	(4173, 622, 3, 903.90),
	(4174, 622, 4, 272.40),
	(4175, 622, 5, 777.60),
	(4176, 623, 1, 577.40),
	(4177, 623, 2, 266.40),
	(4178, 623, 3, 977.60),
	(4179, 623, 4, 282.30),
	(4180, 623, 5, 759.40),
	(4181, 624, 1, 578.00),
	(4182, 624, 2, 287.60),
	(4183, 624, 3, 1033.40),
	(4184, 624, 4, 294.00),
	(4185, 624, 5, 746.00),
	(4186, 625, 1, 583.50),
	(4187, 625, 2, 297.90),
	(4188, 625, 3, 908.50),
	(4189, 625, 4, 264.40),
	(4190, 625, 5, 748.20),
	(4191, 626, 1, 620.50),
	(4192, 626, 2, 292.50),
	(4193, 626, 3, 998.70),
	(4194, 626, 4, 267.00),
	(4195, 626, 5, 752.00),
	(4196, 627, 1, 622.30),
	(4197, 627, 2, 277.40),
	(4198, 627, 3, 994.40),
	(4199, 627, 4, 277.80),
	(4200, 627, 5, 746.10),
	(4201, 629, 1, 610.50),
	(4202, 629, 2, 300.10),
	(4203, 629, 3, 903.90),
	(4204, 629, 4, 272.40),
	(4205, 629, 5, 777.60),
	(4206, 630, 1, 577.40),
	(4207, 630, 2, 266.40),
	(4208, 630, 3, 977.60),
	(4209, 630, 4, 282.30),
	(4210, 630, 5, 759.40),
	(4211, 631, 1, 449.40),
	(4212, 631, 2, 222.80),
	(4213, 631, 3, 805.50),
	(4214, 631, 4, 189.60),
	(4215, 631, 5, 547.00),
	(4216, 632, 1, 427.90),
	(4217, 632, 2, 217.80),
	(4218, 632, 3, 777.50),
	(4219, 632, 4, 231.60),
	(4220, 632, 5, 562.60),
	(4221, 634, 1, 436.40),
	(4222, 634, 2, 198.40),
	(4223, 634, 3, 813.90),
	(4224, 634, 4, 226.00),
	(4225, 634, 5, 548.90),
	(4226, 635, 1, 468.20),
	(4227, 635, 2, 200.30),
	(4228, 635, 3, 781.70),
	(4229, 635, 4, 229.10),
	(4230, 635, 5, 580.20),
	(4231, 636, 1, 440.60),
	(4232, 636, 2, 207.20),
	(4233, 636, 3, 796.50),
	(4234, 636, 4, 188.40),
	(4235, 636, 5, 540.40),
	(4236, 637, 1, 449.80),
	(4237, 637, 2, 203.20),
	(4238, 637, 3, 786.80),
	(4239, 637, 4, 225.40),
	(4240, 637, 5, 548.40),
	(4241, 638, 1, 449.40),
	(4242, 638, 2, 222.80),
	(4243, 638, 3, 805.50),
	(4244, 638, 4, 189.60),
	(4245, 638, 5, 547.00),
	(4246, 639, 1, 427.90),
	(4247, 639, 2, 217.80),
	(4248, 639, 3, 777.50),
	(4249, 639, 4, 231.60),
	(4250, 639, 5, 562.60),
	(4251, 641, 1, 436.40),
	(4252, 641, 2, 198.40),
	(4253, 641, 3, 813.90),
	(4254, 641, 4, 226.00),
	(4255, 641, 5, 548.90),
	(4256, 642, 1, 468.20),
	(4257, 642, 2, 200.30),
	(4258, 642, 3, 781.70),
	(4259, 642, 4, 229.10),
	(4260, 642, 5, 580.20),
	(4261, 643, 1, 440.60),
	(4262, 643, 2, 207.20),
	(4263, 643, 3, 796.50),
	(4264, 643, 4, 188.40),
	(4265, 643, 5, 540.40),
	(4266, 644, 1, 449.80),
	(4267, 644, 2, 203.20),
	(4268, 644, 3, 786.80),
	(4269, 644, 4, 225.40),
	(4270, 644, 5, 548.40),
	(4271, 645, 1, 504.20),
	(4272, 645, 2, 228.90),
	(4273, 645, 3, 972.80),
	(4274, 645, 4, 257.60),
	(4275, 645, 5, 607.50),
	(4276, 647, 1, 475.60),
	(4277, 647, 2, 234.70),
	(4278, 647, 3, 906.50),
	(4279, 647, 4, 231.60),
	(4280, 647, 5, 612.00),
	(4281, 648, 1, 473.90),
	(4282, 648, 2, 221.00),
	(4283, 648, 3, 913.30),
	(4284, 648, 4, 227.10),
	(4285, 648, 5, 640.60),
	(4286, 649, 1, 477.60),
	(4287, 649, 2, 228.00),
	(4288, 649, 3, 899.90),
	(4289, 649, 4, 222.30),
	(4290, 649, 5, 615.80),
	(4291, 650, 1, 495.50),
	(4292, 650, 2, 228.60),
	(4293, 650, 3, 946.00),
	(4294, 650, 4, 231.60),
	(4295, 650, 5, 630.70),
	(4296, 651, 1, 500.40),
	(4297, 651, 2, 223.20),
	(4298, 651, 3, 1015.40),
	(4299, 651, 4, 236.10),
	(4300, 651, 5, 618.90),
	(4301, 652, 1, 504.20),
	(4302, 652, 2, 228.90),
	(4303, 652, 3, 972.80),
	(4304, 652, 4, 257.60),
	(4305, 652, 5, 607.50),
	(4306, 654, 1, 475.60),
	(4307, 654, 2, 234.70),
	(4308, 654, 3, 906.50),
	(4309, 654, 4, 231.60),
	(4310, 654, 5, 612.00),
	(4311, 655, 1, 473.90),
	(4312, 655, 2, 221.00),
	(4313, 655, 3, 913.30),
	(4314, 655, 4, 227.10),
	(4315, 655, 5, 640.60),
	(4316, 656, 1, 477.60),
	(4317, 656, 2, 228.00),
	(4318, 656, 3, 899.90),
	(4319, 656, 4, 222.30),
	(4320, 656, 5, 615.80),
	(4321, 657, 1, 495.50),
	(4322, 657, 2, 228.60),
	(4323, 657, 3, 946.00),
	(4324, 657, 4, 231.60),
	(4325, 657, 5, 630.70),
	(4326, 658, 1, 500.40),
	(4327, 658, 2, 223.20),
	(4328, 658, 3, 1015.40),
	(4329, 658, 4, 236.10),
	(4330, 658, 5, 618.90),
	(4331, 659, 1, 445.50),
	(4332, 659, 2, 222.60),
	(4333, 659, 3, 831.90),
	(4334, 659, 4, 225.40),
	(4335, 659, 5, 582.00),
	(4336, 660, 1, 463.50),
	(4337, 660, 2, 217.80),
	(4338, 660, 3, 826.90),
	(4339, 660, 4, 224.40),
	(4340, 660, 5, 577.00),
	(4341, 661, 1, 466.20),
	(4342, 661, 2, 225.60),
	(4343, 661, 3, 820.10),
	(4344, 661, 4, 227.10),
	(4345, 661, 5, 591.50),
	(4346, 662, 1, 433.00),
	(4347, 662, 2, 198.90),
	(4348, 662, 3, 813.10),
	(4349, 662, 4, 199.20),
	(4350, 662, 5, 568.40),
	(4351, 664, 1, 458.80),
	(4352, 664, 2, 200.50),
	(4353, 664, 3, 810.60),
	(4354, 664, 4, 209.40),
	(4355, 664, 5, 589.60),
	(4356, 665, 1, 437.60),
	(4357, 665, 2, 209.60),
	(4358, 665, 3, 816.10),
	(4359, 665, 4, 227.00),
	(4360, 665, 5, 564.50),
	(4361, 666, 1, 445.50),
	(4362, 666, 2, 222.60),
	(4363, 666, 3, 831.90),
	(4364, 666, 4, 225.40),
	(4365, 666, 5, 582.00),
	(4366, 667, 1, 463.50),
	(4367, 667, 2, 217.80),
	(4368, 667, 3, 826.90),
	(4369, 667, 4, 224.40),
	(4370, 667, 5, 577.00),
	(4371, 668, 1, 466.20),
	(4372, 668, 2, 225.60),
	(4373, 668, 3, 820.10),
	(4374, 668, 4, 227.10),
	(4375, 668, 5, 591.50),
	(4376, 669, 1, 433.00),
	(4377, 669, 2, 198.90),
	(4378, 669, 3, 813.10),
	(4379, 669, 4, 199.20),
	(4380, 669, 5, 568.40),
	(4381, 671, 1, 458.80),
	(4382, 671, 2, 200.50),
	(4383, 671, 3, 810.60),
	(4384, 671, 4, 209.40),
	(4385, 671, 5, 589.60),
	(4386, 672, 1, 437.60),
	(4387, 672, 2, 209.60),
	(4388, 672, 3, 816.10),
	(4389, 672, 4, 227.00),
	(4390, 672, 5, 564.50),
	(4391, 674, 1, 494.80),
	(4392, 674, 2, 202.80),
	(4393, 674, 3, 854.10),
	(4394, 674, 4, 213.20),
	(4395, 674, 5, 598.80),
	(4396, 675, 1, 495.00),
	(4397, 675, 2, 204.60),
	(4398, 675, 3, 848.10),
	(4399, 675, 4, 222.60),
	(4400, 675, 5, 602.40),
	(4401, 676, 1, 465.80),
	(4402, 676, 2, 234.60),
	(4403, 676, 3, 843.80),
	(4404, 676, 4, 229.80),
	(4405, 676, 5, 589.00),
	(4406, 677, 1, 478.60),
	(4407, 677, 2, 216.50),
	(4408, 677, 3, 878.30),
	(4409, 677, 4, 231.60),
	(4410, 677, 5, 601.60),
	(4411, 678, 1, 461.20),
	(4412, 678, 2, 203.00),
	(4413, 678, 3, 863.50),
	(4414, 678, 4, 250.20),
	(4415, 678, 5, 614.90),
	(4416, 679, 1, 457.10),
	(4417, 679, 2, 252.00),
	(4418, 679, 3, 846.60),
	(4419, 679, 4, 209.00),
	(4420, 679, 5, 588.10),
	(4421, 681, 1, 494.80),
	(4422, 681, 2, 202.80),
	(4423, 681, 3, 854.10),
	(4424, 681, 4, 213.20),
	(4425, 681, 5, 598.80),
	(4426, 682, 1, 495.00),
	(4427, 682, 2, 204.60),
	(4428, 682, 3, 848.10),
	(4429, 682, 4, 222.60),
	(4430, 682, 5, 602.40),
	(4431, 683, 1, 465.80),
	(4432, 683, 2, 234.60),
	(4433, 683, 3, 843.80),
	(4434, 683, 4, 229.80),
	(4435, 683, 5, 589.00),
	(4436, 684, 1, 478.60),
	(4437, 684, 2, 216.50),
	(4438, 684, 3, 878.30),
	(4439, 684, 4, 231.60),
	(4440, 684, 5, 601.60),
	(4441, 685, 1, 461.20),
	(4442, 685, 2, 203.00),
	(4443, 685, 3, 863.50),
	(4444, 685, 4, 250.20),
	(4445, 685, 5, 614.90),
	(4446, 686, 1, 457.10),
	(4447, 686, 2, 252.00),
	(4448, 686, 3, 846.60),
	(4449, 686, 4, 209.00),
	(4450, 686, 5, 588.10),
	(4451, 688, 1, 632.30),
	(4452, 688, 2, 311.80),
	(4453, 688, 3, 941.40),
	(4454, 688, 4, 305.70),
	(4455, 688, 5, 772.40),
	(4456, 689, 1, 635.20),
	(4457, 689, 2, 283.40),
	(4458, 689, 3, 913.90),
	(4459, 689, 4, 295.00),
	(4460, 689, 5, 808.10),
	(4461, 690, 1, 650.90),
	(4462, 690, 2, 307.60),
	(4463, 690, 3, 918.10),
	(4464, 690, 4, 323.40),
	(4465, 690, 5, 802.50),
	(4466, 691, 1, 652.70),
	(4467, 691, 2, 317.00),
	(4468, 691, 3, 880.20),
	(4469, 691, 4, 288.70),
	(4470, 691, 5, 769.40),
	(4471, 692, 1, 607.20),
	(4472, 692, 2, 306.40),
	(4473, 692, 3, 886.20),
	(4474, 692, 4, 327.20),
	(4475, 692, 5, 809.20),
	(4476, 693, 1, 634.50),
	(4477, 693, 2, 309.30),
	(4478, 693, 3, 893.30),
	(4479, 693, 4, 318.00),
	(4480, 693, 5, 783.10),
	(4481, 695, 1, 632.30),
	(4482, 695, 2, 311.80),
	(4483, 695, 3, 941.40),
	(4484, 695, 4, 305.70),
	(4485, 695, 5, 772.40),
	(4486, 696, 1, 635.20),
	(4487, 696, 2, 283.40),
	(4488, 696, 3, 913.90),
	(4489, 696, 4, 295.00),
	(4490, 696, 5, 808.10),
	(4491, 697, 1, 650.90),
	(4492, 697, 2, 307.60),
	(4493, 697, 3, 918.10),
	(4494, 697, 4, 323.40),
	(4495, 697, 5, 802.50),
	(4496, 698, 1, 652.70),
	(4497, 698, 2, 317.00),
	(4498, 698, 3, 880.20),
	(4499, 698, 4, 288.70),
	(4500, 698, 5, 769.40),
	(4501, 699, 1, 607.20),
	(4502, 699, 2, 306.40),
	(4503, 699, 3, 886.20),
	(4504, 699, 4, 327.20),
	(4505, 699, 5, 809.20),
	(4506, 700, 1, 634.50),
	(4507, 700, 2, 309.30),
	(4508, 700, 3, 893.30),
	(4509, 700, 4, 318.00),
	(4510, 700, 5, 783.10);
/*!40000 ALTER TABLE `tbl_combinacion` ENABLE KEYS */;

-- Volcando estructura para tabla nutricion.tbl_combinacion_detalle
CREATE TABLE IF NOT EXISTS `tbl_combinacion_detalle` (
  `idcombinacion` int(11) DEFAULT NULL,
  `idrecomendacion` int(11) DEFAULT NULL,
  `kcal` decimal(7,2) DEFAULT NULL,
  `cantidad` decimal(6,2) DEFAULT NULL,
  KEY `tbl_combinacion_detalle_fact_recomendacion_id_fk` (`idrecomendacion`),
  KEY `tbl_combinacion_detalle_tbl_combinacion_idcombinacion_fk` (`idcombinacion`),
  CONSTRAINT `tbl_combinacion_detalle_fact_recomendacion_id_fk` FOREIGN KEY (`idrecomendacion`) REFERENCES `fact_recomendacion` (`id`),
  CONSTRAINT `tbl_combinacion_detalle_tbl_combinacion_idcombinacion_fk` FOREIGN KEY (`idcombinacion`) REFERENCES `tbl_combinacion` (`idcombinacion`) ON DELETE CASCADE ON UPDATE CASCADE
) ENGINE=InnoDB DEFAULT CHARSET=utf8mb4 COLLATE=utf8mb4_spanish_ci;

-- Volcando datos para la tabla nutricion.tbl_combinacion_detalle: ~4,796 rows (aproximadamente)
/*!40000 ALTER TABLE `tbl_combinacion_detalle` DISABLE KEYS */;
INSERT INTO `tbl_combinacion_detalle` (`idcombinacion`, `idrecomendacion`, `kcal`, `cantidad`) VALUES
	(3611, 5, 69.00, 1.00),
	(3611, 15, 8.10, 30.00),
	(3611, 31, 102.00, 2.00),
	(3611, 41, 0.50, 50.00),
	(3611, 33, 208.80, 180.00),
	(3611, 36, 111.20, 80.00),
	(3612, 53, 59.40, 90.00),
	(3612, 43, 162.00, 150.00),
	(3612, 69, 17.50, 50.00),
	(3613, 73, 115.00, 100.00),
	(3613, 81, 46.00, 200.00),
	(3613, 78, 23.00, 100.00),
	(3613, 86, 13.20, 120.00),
	(3613, 88, 40.00, 100.00),
	(3613, 98, 84.00, 80.00),
	(3613, 117, 1.50, 150.00),
	(3613, 96, 235.80, 180.00),
	(3613, 107, 102.00, 2.00),
	(3613, 111, 206.00, 200.00),
	(3614, 123, 250.20, 180.00),
	(3615, 140, 32.00, 80.00),
	(3615, 131, 14.40, 120.00),
	(3615, 140, 36.00, 90.00),
	(3615, 135, 13.20, 120.00),
	(3615, 129, 50.40, 180.00),
	(3615, 150, 242.00, 200.00),
	(3615, 159, 0.90, 90.00),
	(3615, 155, 232.00, 200.00),
	(3616, 5, 138.00, 2.00),
	(3616, 28, 132.00, 200.00),
	(3616, 29, 32.80, 80.00),
	(3616, 31, 51.00, 1.00),
	(3616, 37, 0.80, 80.00),
	(3616, 33, 139.20, 120.00),
	(3616, 35, 11.10, 30.00),
	(3617, 53, 52.80, 80.00),
	(3617, 43, 194.40, 180.00),
	(3618, 74, 51.50, 50.00),
	(3618, 84, 8.00, 50.00),
	(3618, 93, 4.50, 30.00),
	(3618, 92, 17.10, 90.00),
	(3618, 87, 31.50, 150.00),
	(3618, 79, 20.80, 80.00),
	(3618, 80, 50.40, 180.00),
	(3618, 102, 276.00, 200.00),
	(3618, 116, 1.00, 50.00),
	(3618, 107, 102.00, 2.00),
	(3618, 110, 145.50, 150.00),
	(3618, 112, 174.00, 150.00),
	(3619, 121, 216.00, 200.00),
	(3619, 124, 10.50, 30.00),
	(3620, 134, 5.70, 30.00),
	(3620, 138, 49.20, 120.00),
	(3620, 150, 217.80, 180.00),
	(3620, 161, 45.00, 150.00),
	(3620, 128, 206.00, 200.00),
	(3620, 155, 92.80, 80.00),
	(3621, 5, 69.00, 1.00),
	(3621, 29, 82.00, 200.00),
	(3621, 31, 102.00, 2.00),
	(3621, 39, 3.60, 180.00),
	(3621, 33, 34.80, 30.00),
	(3621, 36, 208.50, 150.00),
	(3622, 61, 122.40, 180.00),
	(3622, 43, 86.40, 80.00),
	(3622, 70, 30.00, 100.00),
	(3623, 73, 103.50, 90.00),
	(3623, 84, 32.00, 200.00),
	(3623, 90, 28.00, 200.00),
	(3623, 83, 54.00, 200.00),
	(3623, 91, 40.00, 100.00),
	(3623, 95, 49.50, 150.00),
	(3623, 106, 214.20, 180.00),
	(3623, 117, 0.90, 90.00),
	(3623, 96, 196.50, 150.00),
	(3623, 108, 148.50, 150.00),
	(3624, 121, 54.00, 50.00),
	(3624, 122, 51.00, 1.00),
	(3624, 123, 83.40, 60.00),
	(3624, 124, 42.00, 120.00),
	(3625, 146, 6.90, 30.00),
	(3625, 137, 48.00, 120.00),
	(3625, 136, 25.20, 120.00),
	(3625, 145, 73.80, 180.00),
	(3625, 143, 74.00, 200.00),
	(3625, 152, 162.00, 150.00),
	(3625, 159, 1.80, 180.00),
	(3625, 155, 232.00, 200.00),
	(3626, 1, 32.40, 60.00),
	(3626, 28, 79.20, 120.00),
	(3626, 11, 64.00, 80.00),
	(3626, 31, 102.00, 2.00),
	(3626, 41, 1.20, 120.00),
	(3626, 36, 208.50, 150.00),
	(3627, 62, 25.60, 80.00),
	(3627, 68, 208.50, 150.00),
	(3628, 74, 92.70, 90.00),
	(3628, 92, 5.70, 30.00),
	(3628, 89, 12.30, 30.00),
	(3628, 93, 9.00, 60.00),
	(3628, 86, 5.50, 50.00),
	(3628, 101, 58.00, 50.00),
	(3628, 120, 63.00, 180.00),
	(3628, 96, 235.80, 180.00),
	(3628, 107, 102.00, 2.00),
	(3628, 108, 89.10, 90.00),
	(3628, 112, 208.80, 180.00),
	(3629, 123, 250.20, 180.00),
	(3630, 145, 20.50, 50.00),
	(3630, 145, 61.50, 150.00),
	(3630, 142, 27.00, 180.00),
	(3630, 137, 36.00, 90.00),
	(3630, 139, 16.80, 120.00),
	(3630, 133, 32.00, 200.00),
	(3630, 152, 162.00, 150.00),
	(3630, 162, 1.00, 50.00),
	(3630, 128, 154.50, 150.00),
	(3630, 155, 116.00, 100.00),
	(3631, 4, 194.40, 180.00),
	(3631, 21, 60.00, 100.00),
	(3631, 31, 102.00, 2.00),
	(3631, 41, 1.50, 150.00),
	(3631, 33, 139.20, 120.00),
	(3632, 45, 33.30, 90.00),
	(3632, 68, 166.80, 120.00),
	(3632, 71, 35.20, 80.00),
	(3633, 73, 103.50, 90.00),
	(3633, 90, 28.00, 200.00),
	(3633, 103, 217.80, 180.00),
	(3633, 118, 0.80, 80.00),
	(3633, 96, 196.50, 150.00),
	(3633, 107, 51.00, 1.00),
	(3633, 111, 185.40, 180.00),
	(3633, 115, 77.60, 80.00),
	(3634, 123, 250.20, 180.00),
	(3635, 143, 44.40, 120.00),
	(3635, 146, 13.80, 60.00),
	(3635, 138, 20.50, 50.00),
	(3635, 147, 31.20, 120.00),
	(3635, 144, 59.40, 180.00),
	(3635, 149, 276.00, 200.00),
	(3635, 162, 3.00, 150.00),
	(3635, 127, 57.50, 50.00),
	(3635, 156, 111.60, 180.00),
	(3636, 3, 124.20, 180.00),
	(3636, 21, 90.00, 150.00),
	(3636, 31, 102.00, 2.00),
	(3636, 37, 2.00, 200.00),
	(3636, 33, 104.40, 90.00),
	(3636, 35, 74.00, 200.00),
	(3637, 58, 18.40, 80.00),
	(3637, 43, 216.00, 200.00),
	(3638, 72, 90.00, 100.00),
	(3638, 80, 14.00, 50.00),
	(3638, 88, 24.00, 60.00),
	(3638, 77, 36.90, 90.00),
	(3638, 91, 72.00, 180.00),
	(3638, 106, 238.00, 200.00),
	(3638, 119, 1.80, 180.00),
	(3638, 96, 235.80, 180.00),
	(3638, 107, 51.00, 1.00),
	(3638, 108, 99.00, 100.00),
	(3639, 122, 102.00, 2.00),
	(3639, 123, 69.50, 50.00),
	(3639, 125, 60.00, 200.00),
	(3640, 136, 18.90, 90.00),
	(3640, 140, 80.00, 200.00),
	(3640, 139, 8.40, 60.00),
	(3640, 135, 6.60, 60.00),
	(3640, 132, 32.40, 120.00),
	(3640, 149, 276.00, 200.00),
	(3640, 157, 3.00, 150.00),
	(3640, 127, 92.00, 80.00),
	(3640, 156, 111.60, 180.00),
	(3641, 5, 69.00, 1.00),
	(3641, 15, 8.10, 30.00),
	(3641, 31, 102.00, 2.00),
	(3641, 41, 0.50, 50.00),
	(3641, 33, 208.80, 180.00),
	(3641, 36, 111.20, 80.00),
	(3642, 53, 59.40, 90.00),
	(3642, 43, 162.00, 150.00),
	(3642, 69, 17.50, 50.00),
	(3643, 73, 115.00, 100.00),
	(3643, 81, 46.00, 200.00),
	(3643, 78, 23.00, 100.00),
	(3643, 86, 13.20, 120.00),
	(3643, 88, 40.00, 100.00),
	(3643, 98, 84.00, 80.00),
	(3643, 117, 1.50, 150.00),
	(3643, 96, 235.80, 180.00),
	(3643, 107, 102.00, 2.00),
	(3643, 111, 206.00, 200.00),
	(3644, 123, 250.20, 180.00),
	(3645, 140, 32.00, 80.00),
	(3645, 131, 14.40, 120.00),
	(3645, 140, 36.00, 90.00),
	(3645, 135, 13.20, 120.00),
	(3645, 129, 50.40, 180.00),
	(3645, 150, 242.00, 200.00),
	(3645, 159, 0.90, 90.00),
	(3645, 155, 232.00, 200.00),
	(3646, 5, 138.00, 2.00),
	(3646, 28, 132.00, 200.00),
	(3646, 29, 32.80, 80.00),
	(3646, 31, 51.00, 1.00),
	(3646, 37, 0.80, 80.00),
	(3646, 33, 139.20, 120.00),
	(3646, 35, 11.10, 30.00),
	(3647, 53, 52.80, 80.00),
	(3647, 43, 194.40, 180.00),
	(3648, 74, 51.50, 50.00),
	(3648, 84, 8.00, 50.00),
	(3648, 93, 4.50, 30.00),
	(3648, 92, 17.10, 90.00),
	(3648, 87, 31.50, 150.00),
	(3648, 79, 20.80, 80.00),
	(3648, 80, 50.40, 180.00),
	(3648, 102, 276.00, 200.00),
	(3648, 116, 1.00, 50.00),
	(3648, 107, 102.00, 2.00),
	(3648, 110, 145.50, 150.00),
	(3648, 112, 174.00, 150.00),
	(3649, 121, 216.00, 200.00),
	(3649, 124, 10.50, 30.00),
	(3650, 134, 5.70, 30.00),
	(3650, 138, 49.20, 120.00),
	(3650, 150, 217.80, 180.00),
	(3650, 161, 45.00, 150.00),
	(3650, 128, 206.00, 200.00),
	(3650, 155, 92.80, 80.00),
	(3651, 5, 69.00, 1.00),
	(3651, 29, 82.00, 200.00),
	(3651, 31, 102.00, 2.00),
	(3651, 39, 3.60, 180.00),
	(3651, 33, 34.80, 30.00),
	(3651, 36, 208.50, 150.00),
	(3652, 61, 122.40, 180.00),
	(3652, 43, 86.40, 80.00),
	(3652, 70, 30.00, 100.00),
	(3653, 73, 103.50, 90.00),
	(3653, 84, 32.00, 200.00),
	(3653, 90, 28.00, 200.00),
	(3653, 83, 54.00, 200.00),
	(3653, 91, 40.00, 100.00),
	(3653, 95, 49.50, 150.00),
	(3653, 106, 214.20, 180.00),
	(3653, 117, 0.90, 90.00),
	(3653, 96, 196.50, 150.00),
	(3653, 108, 148.50, 150.00),
	(3654, 121, 54.00, 50.00),
	(3654, 122, 51.00, 1.00),
	(3654, 123, 83.40, 60.00),
	(3654, 124, 42.00, 120.00),
	(3655, 146, 6.90, 30.00),
	(3655, 137, 48.00, 120.00),
	(3655, 136, 25.20, 120.00),
	(3655, 145, 73.80, 180.00),
	(3655, 143, 74.00, 200.00),
	(3655, 152, 162.00, 150.00),
	(3655, 159, 1.80, 180.00),
	(3655, 155, 232.00, 200.00),
	(3656, 1, 32.40, 60.00),
	(3656, 28, 79.20, 120.00),
	(3656, 11, 64.00, 80.00),
	(3656, 31, 102.00, 2.00),
	(3656, 41, 1.20, 120.00),
	(3656, 36, 208.50, 150.00),
	(3657, 62, 25.60, 80.00),
	(3657, 68, 208.50, 150.00),
	(3658, 74, 92.70, 90.00),
	(3658, 92, 5.70, 30.00),
	(3658, 89, 12.30, 30.00),
	(3658, 93, 9.00, 60.00),
	(3658, 86, 5.50, 50.00),
	(3658, 101, 58.00, 50.00),
	(3658, 120, 63.00, 180.00),
	(3658, 96, 235.80, 180.00),
	(3658, 107, 102.00, 2.00),
	(3658, 108, 89.10, 90.00),
	(3658, 112, 208.80, 180.00),
	(3659, 123, 250.20, 180.00),
	(3660, 145, 20.50, 50.00),
	(3660, 145, 61.50, 150.00),
	(3660, 142, 27.00, 180.00),
	(3660, 137, 36.00, 90.00),
	(3660, 139, 16.80, 120.00),
	(3660, 133, 32.00, 200.00),
	(3660, 152, 162.00, 150.00),
	(3660, 162, 1.00, 50.00),
	(3660, 128, 154.50, 150.00),
	(3660, 155, 116.00, 100.00),
	(3661, 4, 194.40, 180.00),
	(3661, 21, 60.00, 100.00),
	(3661, 31, 102.00, 2.00),
	(3661, 41, 1.50, 150.00),
	(3661, 33, 139.20, 120.00),
	(3662, 45, 33.30, 90.00),
	(3662, 68, 166.80, 120.00),
	(3662, 71, 35.20, 80.00),
	(3663, 73, 103.50, 90.00),
	(3663, 90, 28.00, 200.00),
	(3663, 103, 217.80, 180.00),
	(3663, 118, 0.80, 80.00),
	(3663, 96, 196.50, 150.00),
	(3663, 107, 51.00, 1.00),
	(3663, 111, 185.40, 180.00),
	(3663, 115, 77.60, 80.00),
	(3664, 123, 250.20, 180.00),
	(3665, 143, 44.40, 120.00),
	(3665, 146, 13.80, 60.00),
	(3665, 138, 20.50, 50.00),
	(3665, 147, 31.20, 120.00),
	(3665, 144, 59.40, 180.00),
	(3665, 149, 276.00, 200.00),
	(3665, 162, 3.00, 150.00),
	(3665, 127, 57.50, 50.00),
	(3665, 156, 111.60, 180.00),
	(3666, 3, 124.20, 180.00),
	(3666, 21, 90.00, 150.00),
	(3666, 31, 102.00, 2.00),
	(3666, 37, 2.00, 200.00),
	(3666, 33, 104.40, 90.00),
	(3666, 35, 74.00, 200.00),
	(3667, 58, 18.40, 80.00),
	(3667, 43, 216.00, 200.00),
	(3668, 72, 90.00, 100.00),
	(3668, 80, 14.00, 50.00),
	(3668, 88, 24.00, 60.00),
	(3668, 77, 36.90, 90.00),
	(3668, 91, 72.00, 180.00),
	(3668, 106, 238.00, 200.00),
	(3668, 119, 1.80, 180.00),
	(3668, 96, 235.80, 180.00),
	(3668, 107, 51.00, 1.00),
	(3668, 108, 99.00, 100.00),
	(3669, 122, 102.00, 2.00),
	(3669, 123, 69.50, 50.00),
	(3669, 125, 60.00, 200.00),
	(3670, 136, 18.90, 90.00),
	(3670, 140, 80.00, 200.00),
	(3670, 139, 8.40, 60.00),
	(3670, 135, 6.60, 60.00),
	(3670, 132, 32.40, 120.00),
	(3670, 149, 276.00, 200.00),
	(3670, 157, 3.00, 150.00),
	(3670, 127, 92.00, 80.00),
	(3670, 156, 111.60, 180.00),
	(3671, 2, 25.80, 30.00),
	(3671, 10, 262.00, 200.00),
	(3671, 31, 51.00, 1.00),
	(3671, 41, 1.50, 150.00),
	(3671, 36, 166.80, 120.00),
	(3672, 44, 45.60, 120.00),
	(3672, 43, 194.40, 180.00),
	(3673, 74, 103.00, 100.00),
	(3673, 88, 72.00, 180.00),
	(3673, 94, 44.40, 120.00),
	(3673, 82, 24.00, 200.00),
	(3673, 78, 20.70, 90.00),
	(3673, 81, 13.80, 60.00),
	(3673, 92, 28.50, 150.00),
	(3673, 98, 84.00, 80.00),
	(3673, 118, 2.00, 200.00),
	(3673, 96, 157.20, 120.00),
	(3673, 107, 102.00, 2.00),
	(3673, 110, 97.00, 100.00),
	(3673, 114, 154.50, 150.00),
	(3674, 122, 102.00, 2.00),
	(3674, 123, 125.10, 90.00),
	(3674, 125, 27.00, 90.00),
	(3675, 133, 24.00, 150.00),
	(3675, 147, 52.00, 200.00),
	(3675, 144, 26.40, 80.00),
	(3675, 129, 25.20, 90.00),
	(3675, 134, 38.00, 200.00),
	(3675, 154, 210.00, 200.00),
	(3675, 161, 24.00, 80.00),
	(3675, 127, 138.00, 120.00),
	(3675, 156, 111.60, 180.00),
	(3676, 3, 82.80, 120.00),
	(3676, 14, 20.80, 80.00),
	(3676, 26, 82.00, 100.00),
	(3676, 31, 102.00, 2.00),
	(3676, 40, 3.00, 150.00),
	(3676, 33, 232.00, 200.00),
	(3677, 44, 38.00, 100.00),
	(3677, 43, 162.00, 150.00),
	(3677, 68, 41.70, 30.00),
	(3678, 73, 230.00, 200.00),
	(3678, 78, 46.00, 200.00),
	(3678, 95, 9.90, 30.00),
	(3678, 81, 27.60, 120.00),
	(3678, 93, 22.50, 150.00),
	(3678, 87, 21.00, 100.00),
	(3678, 90, 28.00, 200.00),
	(3678, 106, 119.00, 100.00),
	(3678, 117, 1.50, 150.00),
	(3678, 96, 235.80, 180.00),
	(3678, 109, 122.40, 120.00),
	(3678, 113, 31.00, 50.00),
	(3679, 121, 64.80, 60.00),
	(3679, 122, 102.00, 2.00),
	(3679, 123, 69.50, 50.00),
	(3680, 132, 24.30, 90.00),
	(3680, 134, 5.70, 30.00),
	(3680, 133, 24.00, 150.00),
	(3680, 147, 7.80, 30.00),
	(3680, 131, 24.00, 200.00),
	(3680, 135, 8.80, 80.00),
	(3680, 149, 207.00, 150.00),
	(3680, 160, 0.30, 30.00),
	(3680, 127, 103.50, 90.00),
	(3680, 155, 232.00, 200.00),
	(3681, 3, 41.40, 60.00),
	(3681, 10, 157.20, 120.00),
	(3681, 31, 51.00, 1.00),
	(3681, 38, 79.20, 180.00),
	(3681, 33, 174.00, 150.00),
	(3682, 67, 48.60, 180.00),
	(3682, 43, 86.40, 80.00),
	(3682, 68, 83.40, 60.00),
	(3682, 70, 36.00, 120.00),
	(3683, 73, 207.00, 180.00),
	(3683, 87, 25.20, 120.00),
	(3683, 94, 44.40, 120.00),
	(3683, 77, 73.80, 180.00),
	(3683, 103, 60.50, 50.00),
	(3683, 120, 63.00, 180.00),
	(3683, 107, 51.00, 1.00),
	(3683, 109, 204.00, 200.00),
	(3683, 114, 185.40, 180.00),
	(3684, 123, 250.20, 180.00),
	(3685, 143, 29.60, 80.00),
	(3685, 143, 11.10, 30.00),
	(3685, 129, 50.40, 180.00),
	(3685, 130, 20.70, 90.00),
	(3685, 149, 69.00, 50.00),
	(3685, 159, 0.60, 60.00),
	(3685, 127, 230.00, 200.00),
	(3685, 155, 232.00, 200.00),
	(3686, 5, 138.00, 2.00),
	(3686, 12, 9.60, 30.00),
	(3686, 10, 104.80, 80.00),
	(3686, 31, 51.00, 1.00),
	(3686, 42, 2.00, 200.00),
	(3686, 33, 92.80, 80.00),
	(3686, 36, 125.10, 90.00),
	(3687, 54, 24.60, 30.00),
	(3687, 68, 208.50, 150.00),
	(3688, 75, 103.50, 150.00),
	(3688, 82, 12.00, 100.00),
	(3688, 77, 73.80, 180.00),
	(3688, 89, 73.80, 180.00),
	(3688, 79, 13.00, 50.00),
	(3688, 87, 6.30, 30.00),
	(3688, 78, 20.70, 90.00),
	(3688, 106, 238.00, 200.00),
	(3688, 117, 0.60, 60.00),
	(3688, 96, 157.20, 120.00),
	(3688, 107, 102.00, 2.00),
	(3688, 115, 97.00, 100.00),
	(3689, 123, 250.20, 180.00),
	(3690, 138, 41.00, 100.00),
	(3690, 145, 36.90, 90.00),
	(3690, 140, 72.00, 180.00),
	(3690, 138, 61.50, 150.00),
	(3690, 152, 54.00, 50.00),
	(3690, 162, 1.80, 90.00),
	(3690, 127, 172.50, 150.00),
	(3690, 155, 208.80, 180.00),
	(3691, 4, 97.20, 90.00),
	(3691, 26, 147.60, 180.00),
	(3691, 28, 132.00, 200.00),
	(3691, 31, 102.00, 2.00),
	(3691, 40, 1.60, 80.00),
	(3691, 33, 34.80, 30.00),
	(3692, 65, 33.60, 60.00),
	(3692, 43, 32.40, 30.00),
	(3692, 68, 166.80, 120.00),
	(3692, 69, 21.00, 60.00),
	(3693, 74, 123.60, 120.00),
	(3693, 79, 46.80, 180.00),
	(3693, 92, 19.00, 100.00),
	(3693, 84, 19.20, 120.00),
	(3693, 100, 102.00, 150.00),
	(3693, 117, 0.90, 90.00),
	(3693, 96, 262.00, 200.00),
	(3693, 107, 102.00, 2.00),
	(3693, 108, 178.20, 180.00),
	(3693, 114, 61.80, 60.00),
	(3694, 123, 166.80, 120.00),
	(3694, 124, 70.00, 200.00),
	(3695, 147, 52.00, 200.00),
	(3695, 142, 7.50, 50.00),
	(3695, 137, 72.00, 180.00),
	(3695, 138, 82.00, 200.00),
	(3695, 135, 11.00, 100.00),
	(3695, 149, 248.40, 180.00),
	(3695, 159, 0.90, 90.00),
	(3695, 126, 97.20, 180.00),
	(3695, 156, 62.00, 100.00),
	(3696, 2, 68.80, 80.00),
	(3696, 10, 196.50, 150.00),
	(3696, 31, 102.00, 2.00),
	(3696, 40, 0.60, 30.00),
	(3696, 33, 104.40, 90.00),
	(3696, 34, 38.40, 60.00),
	(3697, 51, 104.40, 120.00),
	(3697, 43, 108.00, 100.00),
	(3697, 71, 26.40, 60.00),
	(3698, 74, 206.00, 200.00),
	(3698, 90, 16.80, 120.00),
	(3698, 95, 49.50, 150.00),
	(3698, 93, 13.50, 90.00),
	(3698, 79, 7.80, 30.00),
	(3698, 83, 21.60, 80.00),
	(3698, 84, 24.00, 150.00),
	(3698, 105, 108.00, 100.00),
	(3698, 116, 2.40, 120.00),
	(3698, 96, 196.50, 150.00),
	(3698, 111, 206.00, 200.00),
	(3698, 112, 58.00, 50.00),
	(3699, 122, 51.00, 1.00),
	(3699, 123, 208.50, 150.00),
	(3700, 145, 73.80, 180.00),
	(3700, 146, 18.40, 80.00),
	(3700, 142, 9.00, 60.00),
	(3700, 148, 139.20, 120.00),
	(3700, 159, 2.00, 200.00),
	(3700, 128, 154.50, 150.00),
	(3700, 155, 232.00, 200.00),
	(3701, 2, 25.80, 30.00),
	(3701, 10, 262.00, 200.00),
	(3701, 31, 51.00, 1.00),
	(3701, 41, 1.50, 150.00),
	(3701, 36, 166.80, 120.00),
	(3702, 44, 45.60, 120.00),
	(3702, 43, 194.40, 180.00),
	(3703, 74, 103.00, 100.00),
	(3703, 88, 72.00, 180.00),
	(3703, 94, 44.40, 120.00),
	(3703, 82, 24.00, 200.00),
	(3703, 78, 20.70, 90.00),
	(3703, 81, 13.80, 60.00),
	(3703, 92, 28.50, 150.00),
	(3703, 98, 84.00, 80.00),
	(3703, 118, 2.00, 200.00),
	(3703, 96, 157.20, 120.00),
	(3703, 107, 102.00, 2.00),
	(3703, 110, 97.00, 100.00),
	(3703, 114, 154.50, 150.00),
	(3704, 122, 102.00, 2.00),
	(3704, 123, 125.10, 90.00),
	(3704, 125, 27.00, 90.00),
	(3705, 133, 24.00, 150.00),
	(3705, 147, 52.00, 200.00),
	(3705, 144, 26.40, 80.00),
	(3705, 129, 25.20, 90.00),
	(3705, 134, 38.00, 200.00),
	(3705, 154, 210.00, 200.00),
	(3705, 161, 24.00, 80.00),
	(3705, 127, 138.00, 120.00),
	(3705, 156, 111.60, 180.00),
	(3706, 3, 82.80, 120.00),
	(3706, 14, 20.80, 80.00),
	(3706, 26, 82.00, 100.00),
	(3706, 31, 102.00, 2.00),
	(3706, 40, 3.00, 150.00),
	(3706, 33, 232.00, 200.00),
	(3707, 44, 38.00, 100.00),
	(3707, 43, 162.00, 150.00),
	(3707, 68, 41.70, 30.00),
	(3708, 73, 230.00, 200.00),
	(3708, 78, 46.00, 200.00),
	(3708, 95, 9.90, 30.00),
	(3708, 81, 27.60, 120.00),
	(3708, 93, 22.50, 150.00),
	(3708, 87, 21.00, 100.00),
	(3708, 90, 28.00, 200.00),
	(3708, 106, 119.00, 100.00),
	(3708, 117, 1.50, 150.00),
	(3708, 96, 235.80, 180.00),
	(3708, 109, 122.40, 120.00),
	(3708, 113, 31.00, 50.00),
	(3709, 121, 64.80, 60.00),
	(3709, 122, 102.00, 2.00),
	(3709, 123, 69.50, 50.00),
	(3710, 132, 24.30, 90.00),
	(3710, 134, 5.70, 30.00),
	(3710, 133, 24.00, 150.00),
	(3710, 147, 7.80, 30.00),
	(3710, 131, 24.00, 200.00),
	(3710, 135, 8.80, 80.00),
	(3710, 149, 207.00, 150.00),
	(3710, 160, 0.30, 30.00),
	(3710, 127, 103.50, 90.00),
	(3710, 155, 232.00, 200.00),
	(3711, 3, 41.40, 60.00),
	(3711, 10, 157.20, 120.00),
	(3711, 31, 51.00, 1.00),
	(3711, 38, 79.20, 180.00),
	(3711, 33, 174.00, 150.00),
	(3712, 67, 48.60, 180.00),
	(3712, 43, 86.40, 80.00),
	(3712, 68, 83.40, 60.00),
	(3712, 70, 36.00, 120.00),
	(3713, 73, 207.00, 180.00),
	(3713, 87, 25.20, 120.00),
	(3713, 94, 44.40, 120.00),
	(3713, 77, 73.80, 180.00),
	(3713, 103, 60.50, 50.00),
	(3713, 120, 63.00, 180.00),
	(3713, 107, 51.00, 1.00),
	(3713, 109, 204.00, 200.00),
	(3713, 114, 185.40, 180.00),
	(3714, 123, 250.20, 180.00),
	(3715, 143, 29.60, 80.00),
	(3715, 143, 11.10, 30.00),
	(3715, 129, 50.40, 180.00),
	(3715, 130, 20.70, 90.00),
	(3715, 149, 69.00, 50.00),
	(3715, 159, 0.60, 60.00),
	(3715, 127, 230.00, 200.00),
	(3715, 155, 232.00, 200.00),
	(3716, 5, 138.00, 2.00),
	(3716, 12, 9.60, 30.00),
	(3716, 10, 104.80, 80.00),
	(3716, 31, 51.00, 1.00),
	(3716, 42, 2.00, 200.00),
	(3716, 33, 92.80, 80.00),
	(3716, 36, 125.10, 90.00),
	(3717, 54, 24.60, 30.00),
	(3717, 68, 208.50, 150.00),
	(3718, 75, 103.50, 150.00),
	(3718, 82, 12.00, 100.00),
	(3718, 77, 73.80, 180.00),
	(3718, 89, 73.80, 180.00),
	(3718, 79, 13.00, 50.00),
	(3718, 87, 6.30, 30.00),
	(3718, 78, 20.70, 90.00),
	(3718, 106, 238.00, 200.00),
	(3718, 117, 0.60, 60.00),
	(3718, 96, 157.20, 120.00),
	(3718, 107, 102.00, 2.00),
	(3718, 115, 97.00, 100.00),
	(3719, 123, 250.20, 180.00),
	(3720, 138, 41.00, 100.00),
	(3720, 145, 36.90, 90.00),
	(3720, 140, 72.00, 180.00),
	(3720, 138, 61.50, 150.00),
	(3720, 152, 54.00, 50.00),
	(3720, 162, 1.80, 90.00),
	(3720, 127, 172.50, 150.00),
	(3720, 155, 208.80, 180.00),
	(3721, 4, 97.20, 90.00),
	(3721, 26, 147.60, 180.00),
	(3721, 28, 132.00, 200.00),
	(3721, 31, 102.00, 2.00),
	(3721, 40, 1.60, 80.00),
	(3721, 33, 34.80, 30.00),
	(3722, 65, 33.60, 60.00),
	(3722, 43, 32.40, 30.00),
	(3722, 68, 166.80, 120.00),
	(3722, 69, 21.00, 60.00),
	(3723, 74, 123.60, 120.00),
	(3723, 79, 46.80, 180.00),
	(3723, 92, 19.00, 100.00),
	(3723, 84, 19.20, 120.00),
	(3723, 100, 102.00, 150.00),
	(3723, 117, 0.90, 90.00),
	(3723, 96, 262.00, 200.00),
	(3723, 107, 102.00, 2.00),
	(3723, 108, 178.20, 180.00),
	(3723, 114, 61.80, 60.00),
	(3724, 123, 166.80, 120.00),
	(3724, 124, 70.00, 200.00),
	(3725, 147, 52.00, 200.00),
	(3725, 142, 7.50, 50.00),
	(3725, 137, 72.00, 180.00),
	(3725, 138, 82.00, 200.00),
	(3725, 135, 11.00, 100.00),
	(3725, 149, 248.40, 180.00),
	(3725, 159, 0.90, 90.00),
	(3725, 126, 97.20, 180.00),
	(3725, 156, 62.00, 100.00),
	(3726, 2, 68.80, 80.00),
	(3726, 10, 196.50, 150.00),
	(3726, 31, 102.00, 2.00),
	(3726, 40, 0.60, 30.00),
	(3726, 33, 104.40, 90.00),
	(3726, 34, 38.40, 60.00),
	(3727, 51, 104.40, 120.00),
	(3727, 43, 108.00, 100.00),
	(3727, 71, 26.40, 60.00),
	(3728, 74, 206.00, 200.00),
	(3728, 90, 16.80, 120.00),
	(3728, 95, 49.50, 150.00),
	(3728, 93, 13.50, 90.00),
	(3728, 79, 7.80, 30.00),
	(3728, 83, 21.60, 80.00),
	(3728, 84, 24.00, 150.00),
	(3728, 105, 108.00, 100.00),
	(3728, 116, 2.40, 120.00),
	(3728, 96, 196.50, 150.00),
	(3728, 111, 206.00, 200.00),
	(3728, 112, 58.00, 50.00),
	(3729, 122, 51.00, 1.00),
	(3729, 123, 208.50, 150.00),
	(3730, 145, 73.80, 180.00),
	(3730, 146, 18.40, 80.00),
	(3730, 142, 9.00, 60.00),
	(3730, 148, 139.20, 120.00),
	(3730, 159, 2.00, 200.00),
	(3730, 128, 154.50, 150.00),
	(3730, 155, 232.00, 200.00),
	(3731, 5, 138.00, 2.00),
	(3731, 18, 11.40, 30.00),
	(3731, 19, 42.00, 120.00),
	(3731, 31, 102.00, 2.00),
	(3731, 42, 1.80, 180.00),
	(3731, 36, 41.70, 30.00),
	(3732, 57, 73.80, 180.00),
	(3732, 68, 83.40, 60.00),
	(3733, 74, 185.40, 180.00),
	(3733, 81, 27.60, 120.00),
	(3733, 84, 14.40, 90.00),
	(3733, 82, 7.20, 60.00),
	(3733, 85, 15.20, 80.00),
	(3733, 90, 12.60, 90.00),
	(3733, 99, 188.00, 200.00),
	(3733, 117, 0.30, 30.00),
	(3733, 96, 131.00, 100.00),
	(3733, 107, 51.00, 1.00),
	(3734, 122, 102.00, 2.00),
	(3734, 123, 69.50, 50.00),
	(3735, 143, 18.50, 50.00),
	(3735, 142, 9.00, 60.00),
	(3735, 141, 28.50, 150.00),
	(3735, 145, 20.50, 50.00),
	(3735, 152, 129.60, 120.00),
	(3735, 157, 0.60, 30.00),
	(3735, 127, 103.50, 90.00),
	(3735, 155, 139.20, 120.00),
	(3736, 2, 25.80, 30.00),
	(3736, 29, 32.80, 80.00),
	(3736, 31, 51.00, 1.00),
	(3736, 41, 0.30, 30.00),
	(3736, 33, 116.00, 100.00),
	(3736, 36, 111.20, 80.00),
	(3737, 59, 41.00, 100.00),
	(3737, 43, 32.40, 30.00),
	(3737, 68, 69.50, 50.00),
	(3737, 71, 13.20, 30.00),
	(3738, 73, 207.00, 180.00),
	(3738, 81, 18.40, 80.00),
	(3738, 93, 18.00, 120.00),
	(3738, 98, 105.00, 100.00),
	(3738, 120, 31.50, 90.00),
	(3738, 96, 39.30, 30.00),
	(3738, 107, 102.00, 2.00),
	(3738, 113, 111.60, 180.00),
	(3739, 121, 86.40, 80.00),
	(3739, 124, 70.00, 200.00),
	(3740, 135, 3.30, 30.00),
	(3740, 130, 34.50, 150.00),
	(3740, 135, 22.00, 200.00),
	(3740, 132, 48.60, 180.00),
	(3740, 142, 22.50, 150.00),
	(3740, 149, 69.00, 50.00),
	(3740, 159, 1.50, 150.00),
	(3740, 126, 54.00, 100.00),
	(3740, 155, 174.00, 150.00),
	(3741, 5, 138.00, 2.00),
	(3741, 8, 40.00, 100.00),
	(3741, 31, 51.00, 1.00),
	(3741, 42, 1.00, 100.00),
	(3741, 33, 104.40, 90.00),
	(3742, 46, 83.00, 100.00),
	(3742, 43, 97.20, 90.00),
	(3743, 72, 72.00, 80.00),
	(3743, 88, 72.00, 180.00),
	(3743, 83, 32.40, 120.00),
	(3743, 100, 61.20, 90.00),
	(3743, 120, 17.50, 50.00),
	(3743, 107, 102.00, 2.00),
	(3743, 110, 174.60, 180.00),
	(3743, 112, 92.80, 80.00),
	(3744, 122, 51.00, 1.00),
	(3744, 123, 125.10, 90.00),
	(3745, 131, 6.00, 50.00),
	(3745, 138, 41.00, 100.00),
	(3745, 145, 61.50, 150.00),
	(3745, 136, 31.50, 150.00),
	(3745, 137, 24.00, 60.00),
	(3745, 150, 181.50, 150.00),
	(3745, 157, 1.60, 80.00),
	(3745, 126, 97.20, 180.00),
	(3746, 4, 64.80, 60.00),
	(3746, 23, 87.00, 100.00),
	(3746, 31, 102.00, 2.00),
	(3746, 39, 1.00, 50.00),
	(3746, 34, 96.00, 150.00),
	(3747, 66, 47.70, 90.00),
	(3747, 68, 111.20, 80.00),
	(3747, 70, 9.00, 30.00),
	(3748, 72, 180.00, 200.00),
	(3748, 92, 28.50, 150.00),
	(3748, 82, 10.80, 90.00),
	(3748, 97, 189.00, 180.00),
	(3748, 120, 70.00, 200.00),
	(3748, 96, 39.30, 30.00),
	(3748, 108, 99.00, 100.00),
	(3749, 121, 97.20, 90.00),
	(3749, 122, 51.00, 1.00),
	(3749, 125, 30.00, 100.00),
	(3750, 146, 11.50, 50.00),
	(3750, 143, 74.00, 200.00),
	(3750, 134, 17.10, 90.00),
	(3750, 141, 28.50, 150.00),
	(3750, 129, 22.40, 80.00),
	(3750, 145, 73.80, 180.00),
	(3750, 149, 69.00, 50.00),
	(3750, 162, 1.00, 50.00),
	(3750, 128, 92.70, 90.00),
	(3750, 156, 49.60, 80.00),
	(3751, 1, 108.00, 200.00),
	(3751, 25, 72.00, 200.00),
	(3751, 10, 78.60, 60.00),
	(3751, 31, 51.00, 1.00),
	(3751, 40, 1.80, 90.00),
	(3751, 34, 38.40, 60.00),
	(3752, 46, 74.70, 90.00),
	(3752, 68, 69.50, 50.00),
	(3752, 70, 9.00, 30.00),
	(3753, 75, 103.50, 150.00),
	(3753, 81, 23.00, 100.00),
	(3753, 84, 9.60, 60.00),
	(3753, 95, 16.50, 50.00),
	(3753, 85, 11.40, 60.00),
	(3753, 105, 54.00, 50.00),
	(3753, 116, 2.40, 120.00),
	(3753, 96, 262.00, 200.00),
	(3753, 107, 51.00, 1.00),
	(3753, 114, 103.00, 100.00),
	(3754, 123, 166.80, 120.00),
	(3755, 134, 38.00, 200.00),
	(3755, 129, 42.00, 150.00),
	(3755, 131, 3.60, 30.00),
	(3755, 144, 66.00, 200.00),
	(3755, 137, 72.00, 180.00),
	(3755, 148, 58.00, 50.00),
	(3755, 162, 3.00, 150.00),
	(3755, 127, 172.50, 150.00),
	(3756, 2, 103.20, 120.00),
	(3756, 15, 21.60, 80.00),
	(3756, 7, 36.90, 90.00),
	(3756, 31, 51.00, 1.00),
	(3756, 37, 0.60, 60.00),
	(3756, 33, 139.20, 120.00),
	(3757, 51, 156.60, 180.00),
	(3757, 70, 18.00, 60.00),
	(3758, 74, 185.40, 180.00),
	(3758, 78, 18.40, 80.00),
	(3758, 106, 71.40, 60.00),
	(3758, 116, 1.20, 60.00),
	(3758, 96, 104.80, 80.00),
	(3758, 109, 61.20, 60.00),
	(3758, 115, 174.60, 180.00),
	(3759, 123, 125.10, 90.00),
	(3759, 124, 28.00, 80.00),
	(3760, 133, 19.20, 120.00),
	(3760, 144, 16.50, 50.00),
	(3760, 138, 49.20, 120.00),
	(3760, 129, 8.40, 30.00),
	(3760, 145, 24.60, 60.00),
	(3760, 137, 80.00, 200.00),
	(3760, 152, 54.00, 50.00),
	(3760, 158, 1.80, 180.00),
	(3760, 128, 185.40, 180.00),
	(3761, 5, 138.00, 2.00),
	(3761, 18, 11.40, 30.00),
	(3761, 19, 42.00, 120.00),
	(3761, 31, 102.00, 2.00),
	(3761, 42, 1.80, 180.00),
	(3761, 36, 41.70, 30.00),
	(3762, 57, 73.80, 180.00),
	(3762, 68, 83.40, 60.00),
	(3763, 74, 185.40, 180.00),
	(3763, 81, 27.60, 120.00),
	(3763, 84, 14.40, 90.00),
	(3763, 82, 7.20, 60.00),
	(3763, 85, 15.20, 80.00),
	(3763, 90, 12.60, 90.00),
	(3763, 99, 188.00, 200.00),
	(3763, 117, 0.30, 30.00),
	(3763, 96, 131.00, 100.00),
	(3763, 107, 51.00, 1.00),
	(3764, 122, 102.00, 2.00),
	(3764, 123, 69.50, 50.00),
	(3765, 143, 18.50, 50.00),
	(3765, 142, 9.00, 60.00),
	(3765, 141, 28.50, 150.00),
	(3765, 145, 20.50, 50.00),
	(3765, 152, 129.60, 120.00),
	(3765, 157, 0.60, 30.00),
	(3765, 127, 103.50, 90.00),
	(3765, 155, 139.20, 120.00),
	(3766, 2, 25.80, 30.00),
	(3766, 29, 32.80, 80.00),
	(3766, 31, 51.00, 1.00),
	(3766, 41, 0.30, 30.00),
	(3766, 33, 116.00, 100.00),
	(3766, 36, 111.20, 80.00),
	(3767, 59, 41.00, 100.00),
	(3767, 43, 32.40, 30.00),
	(3767, 68, 69.50, 50.00),
	(3767, 71, 13.20, 30.00),
	(3768, 73, 207.00, 180.00),
	(3768, 81, 18.40, 80.00),
	(3768, 93, 18.00, 120.00),
	(3768, 98, 105.00, 100.00),
	(3768, 120, 31.50, 90.00),
	(3768, 96, 39.30, 30.00),
	(3768, 107, 102.00, 2.00),
	(3768, 113, 111.60, 180.00),
	(3769, 121, 86.40, 80.00),
	(3769, 124, 70.00, 200.00),
	(3770, 135, 3.30, 30.00),
	(3770, 130, 34.50, 150.00),
	(3770, 135, 22.00, 200.00),
	(3770, 132, 48.60, 180.00),
	(3770, 142, 22.50, 150.00),
	(3770, 149, 69.00, 50.00),
	(3770, 159, 1.50, 150.00),
	(3770, 126, 54.00, 100.00),
	(3770, 155, 174.00, 150.00),
	(3771, 5, 138.00, 2.00),
	(3771, 8, 40.00, 100.00),
	(3771, 31, 51.00, 1.00),
	(3771, 42, 1.00, 100.00),
	(3771, 33, 104.40, 90.00),
	(3772, 46, 83.00, 100.00),
	(3772, 43, 97.20, 90.00),
	(3773, 72, 72.00, 80.00),
	(3773, 88, 72.00, 180.00),
	(3773, 83, 32.40, 120.00),
	(3773, 100, 61.20, 90.00),
	(3773, 120, 17.50, 50.00),
	(3773, 107, 102.00, 2.00),
	(3773, 110, 174.60, 180.00),
	(3773, 112, 92.80, 80.00),
	(3774, 122, 51.00, 1.00),
	(3774, 123, 125.10, 90.00),
	(3775, 131, 6.00, 50.00),
	(3775, 138, 41.00, 100.00),
	(3775, 145, 61.50, 150.00),
	(3775, 136, 31.50, 150.00),
	(3775, 137, 24.00, 60.00),
	(3775, 150, 181.50, 150.00),
	(3775, 157, 1.60, 80.00),
	(3775, 126, 97.20, 180.00),
	(3776, 4, 64.80, 60.00),
	(3776, 23, 87.00, 100.00),
	(3776, 31, 102.00, 2.00),
	(3776, 39, 1.00, 50.00),
	(3776, 34, 96.00, 150.00),
	(3777, 66, 47.70, 90.00),
	(3777, 68, 111.20, 80.00),
	(3777, 70, 9.00, 30.00),
	(3778, 72, 180.00, 200.00),
	(3778, 92, 28.50, 150.00),
	(3778, 82, 10.80, 90.00),
	(3778, 97, 189.00, 180.00),
	(3778, 120, 70.00, 200.00),
	(3778, 96, 39.30, 30.00),
	(3778, 108, 99.00, 100.00),
	(3779, 121, 97.20, 90.00),
	(3779, 122, 51.00, 1.00),
	(3779, 125, 30.00, 100.00),
	(3780, 146, 11.50, 50.00),
	(3780, 143, 74.00, 200.00),
	(3780, 134, 17.10, 90.00),
	(3780, 141, 28.50, 150.00),
	(3780, 129, 22.40, 80.00),
	(3780, 145, 73.80, 180.00),
	(3780, 149, 69.00, 50.00),
	(3780, 162, 1.00, 50.00),
	(3780, 128, 92.70, 90.00),
	(3780, 156, 49.60, 80.00),
	(3781, 1, 108.00, 200.00),
	(3781, 25, 72.00, 200.00),
	(3781, 10, 78.60, 60.00),
	(3781, 31, 51.00, 1.00),
	(3781, 40, 1.80, 90.00),
	(3781, 34, 38.40, 60.00),
	(3782, 46, 74.70, 90.00),
	(3782, 68, 69.50, 50.00),
	(3782, 70, 9.00, 30.00),
	(3783, 75, 103.50, 150.00),
	(3783, 81, 23.00, 100.00),
	(3783, 84, 9.60, 60.00),
	(3783, 95, 16.50, 50.00),
	(3783, 85, 11.40, 60.00),
	(3783, 105, 54.00, 50.00),
	(3783, 116, 2.40, 120.00),
	(3783, 96, 262.00, 200.00),
	(3783, 107, 51.00, 1.00),
	(3783, 114, 103.00, 100.00),
	(3784, 123, 166.80, 120.00),
	(3785, 134, 38.00, 200.00),
	(3785, 129, 42.00, 150.00),
	(3785, 131, 3.60, 30.00),
	(3785, 144, 66.00, 200.00),
	(3785, 137, 72.00, 180.00),
	(3785, 148, 58.00, 50.00),
	(3785, 162, 3.00, 150.00),
	(3785, 127, 172.50, 150.00),
	(3786, 2, 103.20, 120.00),
	(3786, 15, 21.60, 80.00),
	(3786, 7, 36.90, 90.00),
	(3786, 31, 51.00, 1.00),
	(3786, 37, 0.60, 60.00),
	(3786, 33, 139.20, 120.00),
	(3787, 51, 156.60, 180.00),
	(3787, 70, 18.00, 60.00),
	(3788, 74, 185.40, 180.00),
	(3788, 78, 18.40, 80.00),
	(3788, 106, 71.40, 60.00),
	(3788, 116, 1.20, 60.00),
	(3788, 96, 104.80, 80.00),
	(3788, 109, 61.20, 60.00),
	(3788, 115, 174.60, 180.00),
	(3789, 123, 125.10, 90.00),
	(3789, 124, 28.00, 80.00),
	(3790, 133, 19.20, 120.00),
	(3790, 144, 16.50, 50.00),
	(3790, 138, 49.20, 120.00),
	(3790, 129, 8.40, 30.00),
	(3790, 145, 24.60, 60.00),
	(3790, 137, 80.00, 200.00),
	(3790, 152, 54.00, 50.00),
	(3790, 158, 1.80, 180.00),
	(3790, 128, 185.40, 180.00),
	(3791, 1, 81.00, 150.00),
	(3791, 17, 37.00, 100.00),
	(3791, 31, 51.00, 1.00),
	(3791, 32, 354.00, 1.00),
	(3791, 39, 4.00, 200.00),
	(3791, 33, 92.80, 80.00),
	(3792, 55, 38.40, 60.00),
	(3792, 68, 250.20, 180.00),
	(3793, 75, 41.40, 60.00),
	(3793, 80, 56.00, 200.00),
	(3793, 84, 12.80, 80.00),
	(3793, 78, 34.50, 150.00),
	(3793, 93, 15.00, 100.00),
	(3793, 94, 55.50, 150.00),
	(3793, 102, 207.00, 150.00),
	(3793, 119, 0.80, 80.00),
	(3793, 96, 262.00, 200.00),
	(3793, 107, 102.00, 2.00),
	(3793, 108, 198.00, 200.00),
	(3793, 114, 103.00, 100.00),
	(3794, 121, 64.80, 60.00),
	(3794, 122, 102.00, 2.00),
	(3794, 123, 139.00, 100.00),
	(3795, 130, 13.80, 60.00),
	(3795, 132, 32.40, 120.00),
	(3795, 137, 40.00, 100.00),
	(3795, 143, 55.50, 150.00),
	(3795, 136, 10.50, 50.00),
	(3795, 147, 20.80, 80.00),
	(3795, 152, 194.40, 180.00),
	(3795, 161, 45.00, 150.00),
	(3795, 127, 230.00, 200.00),
	(3795, 156, 124.00, 200.00),
	(3796, 2, 86.00, 100.00),
	(3796, 7, 36.90, 90.00),
	(3796, 14, 39.00, 150.00),
	(3796, 32, 354.00, 1.00),
	(3796, 31, 102.00, 2.00),
	(3796, 37, 1.80, 180.00),
	(3797, 66, 47.70, 90.00),
	(3797, 43, 194.40, 180.00),
	(3797, 68, 69.50, 50.00),
	(3798, 73, 207.00, 180.00),
	(3798, 85, 19.00, 100.00),
	(3798, 80, 42.00, 150.00),
	(3798, 82, 18.00, 150.00),
	(3798, 91, 24.00, 60.00),
	(3798, 98, 210.00, 200.00),
	(3798, 119, 1.20, 120.00),
	(3798, 96, 262.00, 200.00),
	(3798, 107, 102.00, 2.00),
	(3798, 110, 174.60, 180.00),
	(3798, 113, 31.00, 50.00),
	(3799, 122, 51.00, 1.00),
	(3799, 123, 208.50, 150.00),
	(3799, 124, 52.50, 150.00),
	(3800, 135, 5.50, 50.00),
	(3800, 134, 28.50, 150.00),
	(3800, 135, 22.00, 200.00),
	(3800, 131, 18.00, 150.00),
	(3800, 143, 44.40, 120.00),
	(3800, 149, 276.00, 200.00),
	(3800, 162, 2.40, 120.00),
	(3800, 128, 185.40, 180.00),
	(3800, 155, 174.00, 150.00),
	(3801, 2, 25.80, 30.00),
	(3801, 30, 11.50, 50.00),
	(3801, 9, 20.40, 30.00),
	(3801, 32, 354.00, 1.00),
	(3801, 31, 102.00, 2.00),
	(3801, 40, 1.60, 80.00),
	(3801, 33, 104.40, 90.00),
	(3802, 50, 36.00, 100.00),
	(3802, 68, 250.20, 180.00),
	(3803, 73, 172.50, 150.00),
	(3803, 87, 37.80, 180.00),
	(3803, 85, 5.70, 30.00),
	(3803, 88, 48.00, 120.00),
	(3803, 103, 242.00, 200.00),
	(3803, 119, 0.90, 90.00),
	(3803, 96, 262.00, 200.00),
	(3803, 107, 51.00, 1.00),
	(3803, 108, 148.50, 150.00),
	(3803, 114, 123.60, 120.00),
	(3804, 122, 102.00, 2.00),
	(3804, 123, 166.80, 120.00),
	(3804, 124, 31.50, 90.00),
	(3805, 144, 59.40, 180.00),
	(3805, 137, 48.00, 120.00),
	(3805, 134, 34.20, 180.00),
	(3805, 149, 276.00, 200.00),
	(3805, 161, 60.00, 200.00),
	(3805, 128, 123.60, 120.00),
	(3805, 155, 174.00, 150.00),
	(3806, 4, 162.00, 150.00),
	(3806, 6, 40.20, 60.00),
	(3806, 24, 48.60, 90.00),
	(3806, 31, 51.00, 1.00),
	(3806, 38, 79.20, 180.00),
	(3806, 33, 232.00, 200.00),
	(3807, 58, 34.50, 150.00),
	(3807, 68, 278.00, 200.00),
	(3808, 73, 207.00, 180.00),
	(3808, 89, 32.80, 80.00),
	(3808, 95, 59.40, 180.00),
	(3808, 77, 12.30, 30.00),
	(3808, 94, 44.40, 120.00),
	(3808, 78, 41.40, 180.00),
	(3808, 91, 80.00, 200.00),
	(3808, 106, 178.50, 150.00),
	(3808, 120, 70.00, 200.00),
	(3808, 96, 196.50, 150.00),
	(3808, 107, 102.00, 2.00),
	(3808, 112, 58.00, 50.00),
	(3809, 122, 102.00, 2.00),
	(3809, 123, 208.50, 150.00),
	(3810, 142, 7.50, 50.00),
	(3810, 143, 33.30, 90.00),
	(3810, 140, 80.00, 200.00),
	(3810, 133, 8.00, 50.00),
	(3810, 148, 174.00, 150.00),
	(3810, 160, 1.00, 100.00),
	(3810, 127, 230.00, 200.00),
	(3810, 155, 232.00, 200.00),
	(3811, 5, 138.00, 2.00),
	(3811, 27, 57.60, 90.00),
	(3811, 31, 51.00, 1.00),
	(3811, 32, 354.00, 1.00),
	(3811, 41, 0.80, 80.00),
	(3812, 45, 66.60, 180.00),
	(3812, 43, 32.40, 30.00),
	(3812, 68, 166.80, 120.00),
	(3812, 71, 39.60, 90.00),
	(3813, 73, 230.00, 200.00),
	(3813, 77, 61.50, 150.00),
	(3813, 90, 25.20, 180.00),
	(3813, 91, 40.00, 100.00),
	(3813, 93, 27.00, 180.00),
	(3813, 87, 31.50, 150.00),
	(3813, 100, 102.00, 150.00),
	(3813, 120, 52.50, 150.00),
	(3813, 96, 157.20, 120.00),
	(3813, 107, 102.00, 2.00),
	(3813, 111, 206.00, 200.00),
	(3813, 113, 37.20, 60.00),
	(3814, 121, 216.00, 200.00),
	(3814, 122, 51.00, 1.00),
	(3814, 123, 41.70, 30.00),
	(3815, 132, 48.60, 180.00),
	(3815, 136, 21.00, 100.00),
	(3815, 147, 20.80, 80.00),
	(3815, 132, 27.00, 100.00),
	(3815, 140, 80.00, 200.00),
	(3815, 154, 157.50, 150.00),
	(3815, 162, 4.00, 200.00),
	(3815, 127, 207.00, 180.00),
	(3815, 155, 208.80, 180.00),
	(3816, 5, 138.00, 2.00),
	(3816, 21, 90.00, 150.00),
	(3816, 24, 48.60, 90.00),
	(3816, 31, 102.00, 2.00),
	(3816, 39, 3.60, 180.00),
	(3816, 33, 232.00, 200.00),
	(3817, 61, 81.60, 120.00),
	(3817, 68, 166.80, 120.00),
	(3817, 69, 35.00, 100.00),
	(3818, 75, 124.20, 180.00),
	(3818, 77, 36.90, 90.00),
	(3818, 80, 50.40, 180.00),
	(3818, 104, 170.00, 200.00),
	(3818, 116, 1.60, 80.00),
	(3818, 96, 235.80, 180.00),
	(3818, 107, 102.00, 2.00),
	(3818, 110, 174.60, 180.00),
	(3818, 114, 185.40, 180.00),
	(3819, 122, 51.00, 1.00),
	(3819, 123, 250.20, 180.00),
	(3820, 138, 73.80, 180.00),
	(3820, 142, 27.00, 180.00),
	(3820, 154, 210.00, 200.00),
	(3820, 158, 1.00, 100.00),
	(3820, 127, 230.00, 200.00),
	(3820, 155, 232.00, 200.00),
	(3821, 1, 81.00, 150.00),
	(3821, 17, 37.00, 100.00),
	(3821, 31, 51.00, 1.00),
	(3821, 32, 354.00, 1.00),
	(3821, 39, 4.00, 200.00),
	(3821, 33, 92.80, 80.00),
	(3822, 55, 38.40, 60.00),
	(3822, 68, 250.20, 180.00),
	(3823, 75, 41.40, 60.00),
	(3823, 80, 56.00, 200.00),
	(3823, 84, 12.80, 80.00),
	(3823, 78, 34.50, 150.00),
	(3823, 93, 15.00, 100.00),
	(3823, 94, 55.50, 150.00),
	(3823, 102, 207.00, 150.00),
	(3823, 119, 0.80, 80.00),
	(3823, 96, 262.00, 200.00),
	(3823, 107, 102.00, 2.00),
	(3823, 108, 198.00, 200.00),
	(3823, 114, 103.00, 100.00),
	(3824, 121, 64.80, 60.00),
	(3824, 122, 102.00, 2.00),
	(3824, 123, 139.00, 100.00),
	(3825, 130, 13.80, 60.00),
	(3825, 132, 32.40, 120.00),
	(3825, 137, 40.00, 100.00),
	(3825, 143, 55.50, 150.00),
	(3825, 136, 10.50, 50.00),
	(3825, 147, 20.80, 80.00),
	(3825, 152, 194.40, 180.00),
	(3825, 161, 45.00, 150.00),
	(3825, 127, 230.00, 200.00),
	(3825, 156, 124.00, 200.00),
	(3826, 2, 86.00, 100.00),
	(3826, 7, 36.90, 90.00),
	(3826, 14, 39.00, 150.00),
	(3826, 32, 354.00, 1.00),
	(3826, 31, 102.00, 2.00),
	(3826, 37, 1.80, 180.00),
	(3827, 66, 47.70, 90.00),
	(3827, 43, 194.40, 180.00),
	(3827, 68, 69.50, 50.00),
	(3828, 73, 207.00, 180.00),
	(3828, 85, 19.00, 100.00),
	(3828, 80, 42.00, 150.00),
	(3828, 82, 18.00, 150.00),
	(3828, 91, 24.00, 60.00),
	(3828, 98, 210.00, 200.00),
	(3828, 119, 1.20, 120.00),
	(3828, 96, 262.00, 200.00),
	(3828, 107, 102.00, 2.00),
	(3828, 110, 174.60, 180.00),
	(3828, 113, 31.00, 50.00),
	(3829, 122, 51.00, 1.00),
	(3829, 123, 208.50, 150.00),
	(3829, 124, 52.50, 150.00),
	(3830, 135, 5.50, 50.00),
	(3830, 134, 28.50, 150.00),
	(3830, 135, 22.00, 200.00),
	(3830, 131, 18.00, 150.00),
	(3830, 143, 44.40, 120.00),
	(3830, 149, 276.00, 200.00),
	(3830, 162, 2.40, 120.00),
	(3830, 128, 185.40, 180.00),
	(3830, 155, 174.00, 150.00),
	(3831, 2, 25.80, 30.00),
	(3831, 30, 11.50, 50.00),
	(3831, 9, 20.40, 30.00),
	(3831, 32, 354.00, 1.00),
	(3831, 31, 102.00, 2.00),
	(3831, 40, 1.60, 80.00),
	(3831, 33, 104.40, 90.00),
	(3832, 50, 36.00, 100.00),
	(3832, 68, 250.20, 180.00),
	(3833, 73, 172.50, 150.00),
	(3833, 87, 37.80, 180.00),
	(3833, 85, 5.70, 30.00),
	(3833, 88, 48.00, 120.00),
	(3833, 103, 242.00, 200.00),
	(3833, 119, 0.90, 90.00),
	(3833, 96, 262.00, 200.00),
	(3833, 107, 51.00, 1.00),
	(3833, 108, 148.50, 150.00),
	(3833, 114, 123.60, 120.00),
	(3834, 122, 102.00, 2.00),
	(3834, 123, 166.80, 120.00),
	(3834, 124, 31.50, 90.00),
	(3835, 144, 59.40, 180.00),
	(3835, 137, 48.00, 120.00),
	(3835, 134, 34.20, 180.00),
	(3835, 149, 276.00, 200.00),
	(3835, 161, 60.00, 200.00),
	(3835, 128, 123.60, 120.00),
	(3835, 155, 174.00, 150.00),
	(3836, 4, 162.00, 150.00),
	(3836, 6, 40.20, 60.00),
	(3836, 24, 48.60, 90.00),
	(3836, 31, 51.00, 1.00),
	(3836, 38, 79.20, 180.00),
	(3836, 33, 232.00, 200.00),
	(3837, 58, 34.50, 150.00),
	(3837, 68, 278.00, 200.00),
	(3838, 73, 207.00, 180.00),
	(3838, 89, 32.80, 80.00),
	(3838, 95, 59.40, 180.00),
	(3838, 77, 12.30, 30.00),
	(3838, 94, 44.40, 120.00),
	(3838, 78, 41.40, 180.00),
	(3838, 91, 80.00, 200.00),
	(3838, 106, 178.50, 150.00),
	(3838, 120, 70.00, 200.00),
	(3838, 96, 196.50, 150.00),
	(3838, 107, 102.00, 2.00),
	(3838, 112, 58.00, 50.00),
	(3839, 122, 102.00, 2.00),
	(3839, 123, 208.50, 150.00),
	(3840, 142, 7.50, 50.00),
	(3840, 143, 33.30, 90.00),
	(3840, 140, 80.00, 200.00),
	(3840, 133, 8.00, 50.00),
	(3840, 148, 174.00, 150.00),
	(3840, 160, 1.00, 100.00),
	(3840, 127, 230.00, 200.00),
	(3840, 155, 232.00, 200.00),
	(3841, 5, 138.00, 2.00),
	(3841, 27, 57.60, 90.00),
	(3841, 31, 51.00, 1.00),
	(3841, 32, 354.00, 1.00),
	(3841, 41, 0.80, 80.00),
	(3842, 45, 66.60, 180.00),
	(3842, 43, 32.40, 30.00),
	(3842, 68, 166.80, 120.00),
	(3842, 71, 39.60, 90.00),
	(3843, 73, 230.00, 200.00),
	(3843, 77, 61.50, 150.00),
	(3843, 90, 25.20, 180.00),
	(3843, 91, 40.00, 100.00),
	(3843, 93, 27.00, 180.00),
	(3843, 87, 31.50, 150.00),
	(3843, 100, 102.00, 150.00),
	(3843, 120, 52.50, 150.00),
	(3843, 96, 157.20, 120.00),
	(3843, 107, 102.00, 2.00),
	(3843, 111, 206.00, 200.00),
	(3843, 113, 37.20, 60.00),
	(3844, 121, 216.00, 200.00),
	(3844, 122, 51.00, 1.00),
	(3844, 123, 41.70, 30.00),
	(3845, 132, 48.60, 180.00),
	(3845, 136, 21.00, 100.00),
	(3845, 147, 20.80, 80.00),
	(3845, 132, 27.00, 100.00),
	(3845, 140, 80.00, 200.00),
	(3845, 154, 157.50, 150.00),
	(3845, 162, 4.00, 200.00),
	(3845, 127, 207.00, 180.00),
	(3845, 155, 208.80, 180.00),
	(3846, 5, 138.00, 2.00),
	(3846, 21, 90.00, 150.00),
	(3846, 24, 48.60, 90.00),
	(3846, 31, 102.00, 2.00),
	(3846, 39, 3.60, 180.00),
	(3846, 33, 232.00, 200.00),
	(3847, 61, 81.60, 120.00),
	(3847, 68, 166.80, 120.00),
	(3847, 69, 35.00, 100.00),
	(3848, 75, 124.20, 180.00),
	(3848, 77, 36.90, 90.00),
	(3848, 80, 50.40, 180.00),
	(3848, 104, 170.00, 200.00),
	(3848, 116, 1.60, 80.00),
	(3848, 96, 235.80, 180.00),
	(3848, 107, 102.00, 2.00),
	(3848, 110, 174.60, 180.00),
	(3848, 114, 185.40, 180.00),
	(3849, 122, 51.00, 1.00),
	(3849, 123, 250.20, 180.00),
	(3850, 138, 73.80, 180.00),
	(3850, 142, 27.00, 180.00),
	(3850, 154, 210.00, 200.00),
	(3850, 158, 1.00, 100.00),
	(3850, 127, 230.00, 200.00),
	(3850, 155, 232.00, 200.00),
	(3851, 5, 138.00, 2.00),
	(3851, 6, 33.50, 50.00),
	(3851, 29, 73.80, 180.00),
	(3851, 31, 51.00, 1.00),
	(3851, 42, 2.00, 200.00),
	(3851, 33, 116.00, 100.00),
	(3852, 62, 28.80, 90.00),
	(3852, 68, 69.50, 50.00),
	(3852, 71, 88.00, 200.00),
	(3853, 74, 103.00, 100.00),
	(3853, 93, 30.00, 200.00),
	(3853, 87, 42.00, 200.00),
	(3853, 84, 8.00, 50.00),
	(3853, 101, 139.20, 120.00),
	(3853, 118, 1.50, 150.00),
	(3853, 96, 262.00, 200.00),
	(3853, 108, 99.00, 100.00),
	(3853, 113, 49.60, 80.00),
	(3854, 123, 208.50, 150.00),
	(3855, 141, 17.10, 90.00),
	(3855, 137, 36.00, 90.00),
	(3855, 142, 18.00, 120.00),
	(3855, 145, 82.00, 200.00),
	(3855, 146, 6.90, 30.00),
	(3855, 151, 170.00, 200.00),
	(3855, 161, 60.00, 200.00),
	(3855, 156, 124.00, 200.00),
	(3856, 2, 86.00, 100.00),
	(3856, 23, 69.60, 80.00),
	(3856, 11, 40.00, 50.00),
	(3856, 31, 102.00, 2.00),
	(3856, 41, 1.80, 180.00),
	(3856, 36, 111.20, 80.00),
	(3857, 45, 29.60, 80.00),
	(3857, 68, 166.80, 120.00),
	(3858, 73, 172.50, 150.00),
	(3858, 85, 38.00, 200.00),
	(3858, 92, 22.80, 120.00),
	(3858, 106, 238.00, 200.00),
	(3858, 116, 4.00, 200.00),
	(3858, 96, 131.00, 100.00),
	(3858, 107, 51.00, 1.00),
	(3858, 111, 82.40, 80.00),
	(3859, 121, 32.40, 30.00),
	(3859, 123, 166.80, 120.00),
	(3860, 144, 49.50, 150.00),
	(3860, 131, 3.60, 30.00),
	(3860, 143, 22.20, 60.00),
	(3860, 149, 248.40, 180.00),
	(3860, 161, 30.00, 100.00),
	(3860, 128, 123.60, 120.00),
	(3860, 155, 34.80, 30.00),
	(3861, 1, 108.00, 200.00),
	(3861, 10, 131.00, 100.00),
	(3861, 31, 51.00, 1.00),
	(3861, 40, 3.60, 180.00),
	(3861, 33, 116.00, 100.00),
	(3862, 54, 147.60, 180.00),
	(3862, 43, 54.00, 50.00),
	(3863, 73, 138.00, 120.00),
	(3863, 78, 46.00, 200.00),
	(3863, 102, 276.00, 200.00),
	(3863, 118, 2.00, 200.00),
	(3863, 107, 102.00, 2.00),
	(3863, 115, 174.60, 180.00),
	(3864, 121, 108.00, 100.00),
	(3864, 122, 102.00, 2.00),
	(3865, 145, 41.00, 100.00),
	(3865, 129, 16.80, 60.00),
	(3865, 132, 48.60, 180.00),
	(3865, 145, 32.80, 80.00),
	(3865, 144, 16.50, 50.00),
	(3865, 139, 25.20, 180.00),
	(3865, 152, 194.40, 180.00),
	(3865, 161, 60.00, 200.00),
	(3865, 155, 92.80, 80.00),
	(3866, 5, 138.00, 2.00),
	(3866, 9, 122.40, 180.00),
	(3866, 31, 102.00, 2.00),
	(3866, 38, 44.00, 100.00),
	(3867, 67, 27.00, 100.00),
	(3867, 68, 166.80, 120.00),
	(3868, 73, 138.00, 120.00),
	(3868, 89, 24.60, 60.00),
	(3868, 78, 27.60, 120.00),
	(3868, 81, 41.40, 180.00),
	(3868, 77, 41.00, 100.00),
	(3868, 84, 9.60, 60.00),
	(3868, 100, 136.00, 200.00),
	(3868, 116, 3.60, 180.00),
	(3868, 96, 157.20, 120.00),
	(3868, 111, 154.50, 150.00),
	(3869, 122, 102.00, 2.00),
	(3869, 123, 83.40, 60.00),
	(3870, 135, 13.20, 120.00),
	(3870, 136, 42.00, 200.00),
	(3870, 149, 276.00, 200.00),
	(3870, 157, 3.00, 150.00),
	(3870, 128, 61.80, 60.00),
	(3870, 155, 116.00, 100.00),
	(3871, 4, 64.80, 60.00),
	(3871, 22, 7.20, 30.00),
	(3871, 30, 18.40, 80.00),
	(3871, 31, 51.00, 1.00),
	(3871, 40, 4.00, 200.00),
	(3871, 33, 208.80, 180.00),
	(3871, 34, 64.00, 100.00),
	(3872, 60, 40.00, 100.00),
	(3872, 43, 32.40, 30.00),
	(3872, 68, 125.10, 90.00),
	(3873, 76, 138.00, 120.00),
	(3873, 85, 34.20, 180.00),
	(3873, 94, 74.00, 200.00),
	(3873, 80, 50.40, 180.00),
	(3873, 105, 194.40, 180.00),
	(3873, 120, 35.00, 100.00),
	(3873, 107, 102.00, 2.00),
	(3873, 112, 104.40, 90.00),
	(3874, 122, 51.00, 1.00),
	(3874, 123, 111.20, 80.00),
	(3874, 124, 28.00, 80.00),
	(3875, 132, 48.60, 180.00),
	(3875, 146, 34.50, 150.00),
	(3875, 137, 32.00, 80.00),
	(3875, 152, 216.00, 200.00),
	(3875, 161, 45.00, 150.00),
	(3875, 155, 139.20, 120.00),
	(3876, 4, 54.00, 50.00),
	(3876, 21, 30.00, 50.00),
	(3876, 26, 98.40, 120.00),
	(3876, 31, 51.00, 1.00),
	(3876, 40, 2.00, 100.00),
	(3876, 33, 174.00, 150.00),
	(3877, 46, 166.00, 200.00),
	(3877, 70, 24.00, 80.00),
	(3878, 74, 92.70, 90.00),
	(3878, 81, 18.40, 80.00),
	(3878, 84, 8.00, 50.00),
	(3878, 83, 40.50, 150.00),
	(3878, 77, 41.00, 100.00),
	(3878, 101, 208.80, 180.00),
	(3878, 120, 52.50, 150.00),
	(3878, 96, 39.30, 30.00),
	(3878, 107, 102.00, 2.00),
	(3878, 110, 116.40, 120.00),
	(3879, 123, 166.80, 120.00),
	(3879, 124, 35.00, 100.00),
	(3880, 138, 73.80, 180.00),
	(3880, 139, 11.20, 80.00),
	(3880, 147, 39.00, 150.00),
	(3880, 143, 22.20, 60.00),
	(3880, 152, 216.00, 200.00),
	(3880, 162, 4.00, 200.00),
	(3880, 128, 51.50, 50.00),
	(3880, 155, 92.80, 80.00),
	(3881, 5, 138.00, 2.00),
	(3881, 6, 33.50, 50.00),
	(3881, 29, 73.80, 180.00),
	(3881, 31, 51.00, 1.00),
	(3881, 42, 2.00, 200.00),
	(3881, 33, 116.00, 100.00),
	(3882, 62, 28.80, 90.00),
	(3882, 68, 69.50, 50.00),
	(3882, 71, 88.00, 200.00),
	(3883, 74, 103.00, 100.00),
	(3883, 93, 30.00, 200.00),
	(3883, 87, 42.00, 200.00),
	(3883, 84, 8.00, 50.00),
	(3883, 101, 139.20, 120.00),
	(3883, 118, 1.50, 150.00),
	(3883, 96, 262.00, 200.00),
	(3883, 108, 99.00, 100.00),
	(3883, 113, 49.60, 80.00),
	(3884, 123, 208.50, 150.00),
	(3885, 141, 17.10, 90.00),
	(3885, 137, 36.00, 90.00),
	(3885, 142, 18.00, 120.00),
	(3885, 145, 82.00, 200.00),
	(3885, 146, 6.90, 30.00),
	(3885, 151, 170.00, 200.00),
	(3885, 161, 60.00, 200.00),
	(3885, 156, 124.00, 200.00),
	(3886, 2, 86.00, 100.00),
	(3886, 23, 69.60, 80.00),
	(3886, 11, 40.00, 50.00),
	(3886, 31, 102.00, 2.00),
	(3886, 41, 1.80, 180.00),
	(3886, 36, 111.20, 80.00),
	(3887, 45, 29.60, 80.00),
	(3887, 68, 166.80, 120.00),
	(3888, 73, 172.50, 150.00),
	(3888, 85, 38.00, 200.00),
	(3888, 92, 22.80, 120.00),
	(3888, 106, 238.00, 200.00),
	(3888, 116, 4.00, 200.00),
	(3888, 96, 131.00, 100.00),
	(3888, 107, 51.00, 1.00),
	(3888, 111, 82.40, 80.00),
	(3889, 121, 32.40, 30.00),
	(3889, 123, 166.80, 120.00),
	(3890, 144, 49.50, 150.00),
	(3890, 131, 3.60, 30.00),
	(3890, 143, 22.20, 60.00),
	(3890, 149, 248.40, 180.00),
	(3890, 161, 30.00, 100.00),
	(3890, 128, 123.60, 120.00),
	(3890, 155, 34.80, 30.00),
	(3891, 1, 108.00, 200.00),
	(3891, 10, 131.00, 100.00),
	(3891, 31, 51.00, 1.00),
	(3891, 40, 3.60, 180.00),
	(3891, 33, 116.00, 100.00),
	(3892, 54, 147.60, 180.00),
	(3892, 43, 54.00, 50.00),
	(3893, 73, 138.00, 120.00),
	(3893, 78, 46.00, 200.00),
	(3893, 102, 276.00, 200.00),
	(3893, 118, 2.00, 200.00),
	(3893, 107, 102.00, 2.00),
	(3893, 115, 174.60, 180.00),
	(3894, 121, 108.00, 100.00),
	(3894, 122, 102.00, 2.00),
	(3895, 145, 41.00, 100.00),
	(3895, 129, 16.80, 60.00),
	(3895, 132, 48.60, 180.00),
	(3895, 145, 32.80, 80.00),
	(3895, 144, 16.50, 50.00),
	(3895, 139, 25.20, 180.00),
	(3895, 152, 194.40, 180.00),
	(3895, 161, 60.00, 200.00),
	(3895, 155, 92.80, 80.00),
	(3896, 5, 138.00, 2.00),
	(3896, 9, 122.40, 180.00),
	(3896, 31, 102.00, 2.00),
	(3896, 38, 44.00, 100.00),
	(3897, 67, 27.00, 100.00),
	(3897, 68, 166.80, 120.00),
	(3898, 73, 138.00, 120.00),
	(3898, 89, 24.60, 60.00),
	(3898, 78, 27.60, 120.00),
	(3898, 81, 41.40, 180.00),
	(3898, 77, 41.00, 100.00),
	(3898, 84, 9.60, 60.00),
	(3898, 100, 136.00, 200.00),
	(3898, 116, 3.60, 180.00),
	(3898, 96, 157.20, 120.00),
	(3898, 111, 154.50, 150.00),
	(3899, 122, 102.00, 2.00),
	(3899, 123, 83.40, 60.00),
	(3900, 135, 13.20, 120.00),
	(3900, 136, 42.00, 200.00),
	(3900, 149, 276.00, 200.00),
	(3900, 157, 3.00, 150.00),
	(3900, 128, 61.80, 60.00),
	(3900, 155, 116.00, 100.00),
	(3901, 4, 64.80, 60.00),
	(3901, 22, 7.20, 30.00),
	(3901, 30, 18.40, 80.00),
	(3901, 31, 51.00, 1.00),
	(3901, 40, 4.00, 200.00),
	(3901, 33, 208.80, 180.00),
	(3901, 34, 64.00, 100.00),
	(3902, 60, 40.00, 100.00),
	(3902, 43, 32.40, 30.00),
	(3902, 68, 125.10, 90.00),
	(3903, 76, 138.00, 120.00),
	(3903, 85, 34.20, 180.00),
	(3903, 94, 74.00, 200.00),
	(3903, 80, 50.40, 180.00),
	(3903, 105, 194.40, 180.00),
	(3903, 120, 35.00, 100.00),
	(3903, 107, 102.00, 2.00),
	(3903, 112, 104.40, 90.00),
	(3904, 122, 51.00, 1.00),
	(3904, 123, 111.20, 80.00),
	(3904, 124, 28.00, 80.00),
	(3905, 132, 48.60, 180.00),
	(3905, 146, 34.50, 150.00),
	(3905, 137, 32.00, 80.00),
	(3905, 152, 216.00, 200.00),
	(3905, 161, 45.00, 150.00),
	(3905, 155, 139.20, 120.00),
	(3906, 4, 54.00, 50.00),
	(3906, 21, 30.00, 50.00),
	(3906, 26, 98.40, 120.00),
	(3906, 31, 51.00, 1.00),
	(3906, 40, 2.00, 100.00),
	(3906, 33, 174.00, 150.00),
	(3907, 46, 166.00, 200.00),
	(3907, 70, 24.00, 80.00),
	(3908, 74, 92.70, 90.00),
	(3908, 81, 18.40, 80.00),
	(3908, 84, 8.00, 50.00),
	(3908, 83, 40.50, 150.00),
	(3908, 77, 41.00, 100.00),
	(3908, 101, 208.80, 180.00),
	(3908, 120, 52.50, 150.00),
	(3908, 96, 39.30, 30.00),
	(3908, 107, 102.00, 2.00),
	(3908, 110, 116.40, 120.00),
	(3909, 123, 166.80, 120.00),
	(3909, 124, 35.00, 100.00),
	(3910, 138, 73.80, 180.00),
	(3910, 139, 11.20, 80.00),
	(3910, 147, 39.00, 150.00),
	(3910, 143, 22.20, 60.00),
	(3910, 152, 216.00, 200.00),
	(3910, 162, 4.00, 200.00),
	(3910, 128, 51.50, 50.00),
	(3910, 155, 92.80, 80.00),
	(3911, 4, 86.40, 80.00),
	(3911, 11, 96.00, 120.00),
	(3911, 19, 52.50, 150.00),
	(3911, 31, 51.00, 1.00),
	(3911, 32, 354.00, 1.00),
	(3911, 41, 2.00, 200.00),
	(3911, 33, 104.40, 90.00),
	(3912, 50, 43.20, 120.00),
	(3912, 43, 86.40, 80.00),
	(3912, 68, 250.20, 180.00),
	(3913, 73, 230.00, 200.00),
	(3913, 91, 40.00, 100.00),
	(3913, 84, 28.80, 180.00),
	(3913, 85, 38.00, 200.00),
	(3913, 80, 28.00, 100.00),
	(3913, 106, 178.50, 150.00),
	(3913, 119, 0.80, 80.00),
	(3913, 96, 117.90, 90.00),
	(3913, 107, 51.00, 1.00),
	(3913, 111, 154.50, 150.00),
	(3913, 112, 174.00, 150.00),
	(3914, 121, 194.40, 180.00),
	(3914, 122, 102.00, 2.00),
	(3914, 124, 63.00, 180.00),
	(3915, 143, 74.00, 200.00),
	(3915, 143, 74.00, 200.00),
	(3915, 147, 52.00, 200.00),
	(3915, 130, 46.00, 200.00),
	(3915, 129, 25.20, 90.00),
	(3915, 144, 66.00, 200.00),
	(3915, 154, 189.00, 180.00),
	(3915, 159, 0.90, 90.00),
	(3915, 128, 185.40, 180.00),
	(3915, 155, 208.80, 180.00),
	(3916, 2, 51.60, 60.00),
	(3916, 27, 76.80, 120.00),
	(3916, 17, 55.50, 150.00),
	(3916, 31, 102.00, 2.00),
	(3916, 41, 0.90, 90.00),
	(3916, 33, 208.80, 180.00),
	(3916, 36, 250.20, 180.00),
	(3917, 60, 72.00, 180.00),
	(3917, 43, 86.40, 80.00),
	(3917, 68, 139.00, 100.00),
	(3917, 70, 60.00, 200.00),
	(3918, 75, 124.20, 180.00),
	(3918, 94, 44.40, 120.00),
	(3918, 80, 42.00, 150.00),
	(3918, 95, 66.00, 200.00),
	(3918, 89, 73.80, 180.00),
	(3918, 106, 214.20, 180.00),
	(3918, 117, 1.80, 180.00),
	(3918, 96, 117.90, 90.00),
	(3918, 107, 51.00, 1.00),
	(3918, 111, 206.00, 200.00),
	(3918, 115, 77.60, 80.00),
	(3919, 121, 108.00, 100.00),
	(3919, 123, 250.20, 180.00),
	(3920, 137, 72.00, 180.00),
	(3920, 147, 39.00, 150.00),
	(3920, 145, 73.80, 180.00),
	(3920, 140, 48.00, 120.00),
	(3920, 149, 165.60, 120.00),
	(3920, 161, 60.00, 200.00),
	(3920, 127, 230.00, 200.00),
	(3920, 155, 232.00, 200.00),
	(3921, 5, 138.00, 2.00),
	(3921, 28, 52.80, 80.00),
	(3921, 21, 54.00, 90.00),
	(3921, 32, 354.00, 1.00),
	(3921, 31, 102.00, 2.00),
	(3921, 38, 35.20, 80.00),
	(3922, 50, 54.00, 150.00),
	(3922, 68, 278.00, 200.00),
	(3922, 71, 39.60, 90.00),
	(3923, 73, 172.50, 150.00),
	(3923, 78, 13.80, 60.00),
	(3923, 77, 24.60, 60.00),
	(3923, 90, 8.40, 60.00),
	(3923, 82, 10.80, 90.00),
	(3923, 103, 242.00, 200.00),
	(3923, 119, 0.80, 80.00),
	(3923, 96, 78.60, 60.00),
	(3923, 107, 102.00, 2.00),
	(3923, 109, 102.00, 100.00),
	(3923, 114, 206.00, 200.00),
	(3924, 121, 194.40, 180.00),
	(3924, 122, 51.00, 1.00),
	(3924, 123, 125.10, 90.00),
	(3925, 129, 33.60, 120.00),
	(3925, 134, 28.50, 150.00),
	(3925, 136, 16.80, 80.00),
	(3925, 145, 73.80, 180.00),
	(3925, 139, 8.40, 60.00),
	(3925, 138, 61.50, 150.00),
	(3925, 149, 276.00, 200.00),
	(3925, 161, 30.00, 100.00),
	(3925, 127, 172.50, 150.00),
	(3925, 155, 232.00, 200.00),
	(3926, 1, 97.20, 180.00),
	(3926, 19, 70.00, 200.00),
	(3926, 31, 51.00, 1.00),
	(3926, 32, 354.00, 1.00),
	(3926, 41, 0.80, 80.00),
	(3926, 33, 174.00, 150.00),
	(3927, 54, 73.80, 90.00),
	(3927, 43, 162.00, 150.00),
	(3927, 68, 125.10, 90.00),
	(3928, 76, 92.00, 80.00),
	(3928, 86, 19.80, 180.00),
	(3928, 88, 72.00, 180.00),
	(3928, 82, 21.60, 180.00),
	(3928, 80, 33.60, 120.00),
	(3928, 93, 13.50, 90.00),
	(3928, 77, 82.00, 200.00),
	(3928, 99, 169.20, 180.00),
	(3928, 117, 1.80, 180.00),
	(3928, 96, 235.80, 180.00),
	(3928, 107, 51.00, 1.00),
	(3928, 108, 178.20, 180.00),
	(3929, 121, 129.60, 120.00),
	(3929, 122, 51.00, 1.00),
	(3929, 123, 139.00, 100.00),
	(3929, 124, 31.50, 90.00),
	(3930, 146, 13.80, 60.00),
	(3930, 138, 82.00, 200.00),
	(3930, 132, 27.00, 100.00),
	(3930, 146, 13.80, 60.00),
	(3930, 129, 25.20, 90.00),
	(3930, 140, 80.00, 200.00),
	(3930, 150, 217.80, 180.00),
	(3930, 158, 2.00, 200.00),
	(3930, 127, 230.00, 200.00),
	(3930, 155, 232.00, 200.00),
	(3931, 2, 103.20, 120.00),
	(3931, 16, 31.80, 60.00),
	(3931, 23, 104.40, 120.00),
	(3931, 32, 354.00, 1.00),
	(3931, 31, 51.00, 1.00),
	(3931, 40, 2.40, 120.00),
	(3931, 33, 104.40, 90.00),
	(3932, 59, 36.90, 90.00),
	(3932, 43, 86.40, 80.00),
	(3932, 68, 250.20, 180.00),
	(3933, 73, 172.50, 150.00),
	(3933, 78, 18.40, 80.00),
	(3933, 92, 19.00, 100.00),
	(3933, 91, 24.00, 60.00),
	(3933, 98, 126.00, 120.00),
	(3933, 119, 1.80, 180.00),
	(3933, 96, 262.00, 200.00),
	(3933, 108, 198.00, 200.00),
	(3933, 114, 206.00, 200.00),
	(3934, 121, 64.80, 60.00),
	(3934, 122, 51.00, 1.00),
	(3934, 123, 208.50, 150.00),
	(3934, 124, 42.00, 120.00),
	(3935, 145, 32.80, 80.00),
	(3935, 137, 80.00, 200.00),
	(3935, 145, 49.20, 120.00),
	(3935, 129, 28.00, 100.00),
	(3935, 143, 74.00, 200.00),
	(3935, 146, 23.00, 100.00),
	(3935, 149, 276.00, 200.00),
	(3935, 162, 1.80, 90.00),
	(3935, 128, 206.00, 200.00),
	(3935, 155, 174.00, 150.00),
	(3936, 1, 48.60, 90.00),
	(3936, 23, 69.60, 80.00),
	(3936, 32, 354.00, 1.00),
	(3936, 31, 51.00, 1.00),
	(3936, 39, 4.00, 200.00),
	(3936, 33, 232.00, 200.00),
	(3937, 56, 60.30, 90.00),
	(3937, 68, 250.20, 180.00),
	(3937, 70, 60.00, 200.00),
	(3938, 76, 138.00, 120.00),
	(3938, 91, 60.00, 150.00),
	(3938, 102, 276.00, 200.00),
	(3938, 117, 0.80, 80.00),
	(3938, 96, 262.00, 200.00),
	(3938, 107, 51.00, 1.00),
	(3938, 109, 183.60, 180.00),
	(3939, 121, 129.60, 120.00),
	(3939, 122, 102.00, 2.00),
	(3939, 123, 125.10, 90.00),
	(3940, 143, 44.40, 120.00),
	(3940, 142, 27.00, 180.00),
	(3940, 144, 66.00, 200.00),
	(3940, 147, 52.00, 200.00),
	(3940, 133, 32.00, 200.00),
	(3940, 138, 82.00, 200.00),
	(3940, 152, 194.40, 180.00),
	(3940, 159, 1.50, 150.00),
	(3940, 127, 207.00, 180.00),
	(3940, 155, 232.00, 200.00),
	(3941, 4, 86.40, 80.00),
	(3941, 11, 96.00, 120.00),
	(3941, 19, 52.50, 150.00),
	(3941, 31, 51.00, 1.00),
	(3941, 32, 354.00, 1.00),
	(3941, 41, 2.00, 200.00),
	(3941, 33, 104.40, 90.00),
	(3942, 50, 43.20, 120.00),
	(3942, 43, 86.40, 80.00),
	(3942, 68, 250.20, 180.00),
	(3943, 73, 230.00, 200.00),
	(3943, 91, 40.00, 100.00),
	(3943, 84, 28.80, 180.00),
	(3943, 85, 38.00, 200.00),
	(3943, 80, 28.00, 100.00),
	(3943, 106, 178.50, 150.00),
	(3943, 119, 0.80, 80.00),
	(3943, 96, 117.90, 90.00),
	(3943, 107, 51.00, 1.00),
	(3943, 111, 154.50, 150.00),
	(3943, 112, 174.00, 150.00),
	(3944, 121, 194.40, 180.00),
	(3944, 122, 102.00, 2.00),
	(3944, 124, 63.00, 180.00),
	(3945, 143, 74.00, 200.00),
	(3945, 143, 74.00, 200.00),
	(3945, 147, 52.00, 200.00),
	(3945, 130, 46.00, 200.00),
	(3945, 129, 25.20, 90.00),
	(3945, 144, 66.00, 200.00),
	(3945, 154, 189.00, 180.00),
	(3945, 159, 0.90, 90.00),
	(3945, 128, 185.40, 180.00),
	(3945, 155, 208.80, 180.00),
	(3946, 2, 51.60, 60.00),
	(3946, 27, 76.80, 120.00),
	(3946, 17, 55.50, 150.00),
	(3946, 31, 102.00, 2.00),
	(3946, 41, 0.90, 90.00),
	(3946, 33, 208.80, 180.00),
	(3946, 36, 250.20, 180.00),
	(3947, 60, 72.00, 180.00),
	(3947, 43, 86.40, 80.00),
	(3947, 68, 139.00, 100.00),
	(3947, 70, 60.00, 200.00),
	(3948, 75, 124.20, 180.00),
	(3948, 94, 44.40, 120.00),
	(3948, 80, 42.00, 150.00),
	(3948, 95, 66.00, 200.00),
	(3948, 89, 73.80, 180.00),
	(3948, 106, 214.20, 180.00),
	(3948, 117, 1.80, 180.00),
	(3948, 96, 117.90, 90.00),
	(3948, 107, 51.00, 1.00),
	(3948, 111, 206.00, 200.00),
	(3948, 115, 77.60, 80.00),
	(3949, 121, 108.00, 100.00),
	(3949, 123, 250.20, 180.00),
	(3950, 137, 72.00, 180.00),
	(3950, 147, 39.00, 150.00),
	(3950, 145, 73.80, 180.00),
	(3950, 140, 48.00, 120.00),
	(3950, 149, 165.60, 120.00),
	(3950, 161, 60.00, 200.00),
	(3950, 127, 230.00, 200.00),
	(3950, 155, 232.00, 200.00),
	(3951, 5, 138.00, 2.00),
	(3951, 28, 52.80, 80.00),
	(3951, 21, 54.00, 90.00),
	(3951, 32, 354.00, 1.00),
	(3951, 31, 102.00, 2.00),
	(3951, 38, 35.20, 80.00),
	(3952, 50, 54.00, 150.00),
	(3952, 68, 278.00, 200.00),
	(3952, 71, 39.60, 90.00),
	(3953, 73, 172.50, 150.00),
	(3953, 78, 13.80, 60.00),
	(3953, 77, 24.60, 60.00),
	(3953, 90, 8.40, 60.00),
	(3953, 82, 10.80, 90.00),
	(3953, 103, 242.00, 200.00),
	(3953, 119, 0.80, 80.00),
	(3953, 96, 78.60, 60.00),
	(3953, 107, 102.00, 2.00),
	(3953, 109, 102.00, 100.00),
	(3953, 114, 206.00, 200.00),
	(3954, 121, 194.40, 180.00),
	(3954, 122, 51.00, 1.00),
	(3954, 123, 125.10, 90.00),
	(3955, 129, 33.60, 120.00),
	(3955, 134, 28.50, 150.00),
	(3955, 136, 16.80, 80.00),
	(3955, 145, 73.80, 180.00),
	(3955, 139, 8.40, 60.00),
	(3955, 138, 61.50, 150.00),
	(3955, 149, 276.00, 200.00),
	(3955, 161, 30.00, 100.00),
	(3955, 127, 172.50, 150.00),
	(3955, 155, 232.00, 200.00),
	(3956, 1, 97.20, 180.00),
	(3956, 19, 70.00, 200.00),
	(3956, 31, 51.00, 1.00),
	(3956, 32, 354.00, 1.00),
	(3956, 41, 0.80, 80.00),
	(3956, 33, 174.00, 150.00),
	(3957, 54, 73.80, 90.00),
	(3957, 43, 162.00, 150.00),
	(3957, 68, 125.10, 90.00),
	(3958, 76, 92.00, 80.00),
	(3958, 86, 19.80, 180.00),
	(3958, 88, 72.00, 180.00),
	(3958, 82, 21.60, 180.00),
	(3958, 80, 33.60, 120.00),
	(3958, 93, 13.50, 90.00),
	(3958, 77, 82.00, 200.00),
	(3958, 99, 169.20, 180.00),
	(3958, 117, 1.80, 180.00),
	(3958, 96, 235.80, 180.00),
	(3958, 107, 51.00, 1.00),
	(3958, 108, 178.20, 180.00),
	(3959, 121, 129.60, 120.00),
	(3959, 122, 51.00, 1.00),
	(3959, 123, 139.00, 100.00),
	(3959, 124, 31.50, 90.00),
	(3960, 146, 13.80, 60.00),
	(3960, 138, 82.00, 200.00),
	(3960, 132, 27.00, 100.00),
	(3960, 146, 13.80, 60.00),
	(3960, 129, 25.20, 90.00),
	(3960, 140, 80.00, 200.00),
	(3960, 150, 217.80, 180.00),
	(3960, 158, 2.00, 200.00),
	(3960, 127, 230.00, 200.00),
	(3960, 155, 232.00, 200.00),
	(3961, 2, 103.20, 120.00),
	(3961, 16, 31.80, 60.00),
	(3961, 23, 104.40, 120.00),
	(3961, 32, 354.00, 1.00),
	(3961, 31, 51.00, 1.00),
	(3961, 40, 2.40, 120.00),
	(3961, 33, 104.40, 90.00),
	(3962, 59, 36.90, 90.00),
	(3962, 43, 86.40, 80.00),
	(3962, 68, 250.20, 180.00),
	(3963, 73, 172.50, 150.00),
	(3963, 78, 18.40, 80.00),
	(3963, 92, 19.00, 100.00),
	(3963, 91, 24.00, 60.00),
	(3963, 98, 126.00, 120.00),
	(3963, 119, 1.80, 180.00),
	(3963, 96, 262.00, 200.00),
	(3963, 108, 198.00, 200.00),
	(3963, 114, 206.00, 200.00),
	(3964, 121, 64.80, 60.00),
	(3964, 122, 51.00, 1.00),
	(3964, 123, 208.50, 150.00),
	(3964, 124, 42.00, 120.00),
	(3965, 145, 32.80, 80.00),
	(3965, 137, 80.00, 200.00),
	(3965, 145, 49.20, 120.00),
	(3965, 129, 28.00, 100.00),
	(3965, 143, 74.00, 200.00),
	(3965, 146, 23.00, 100.00),
	(3965, 149, 276.00, 200.00),
	(3965, 162, 1.80, 90.00),
	(3965, 128, 206.00, 200.00),
	(3965, 155, 174.00, 150.00),
	(3966, 1, 48.60, 90.00),
	(3966, 23, 69.60, 80.00),
	(3966, 32, 354.00, 1.00),
	(3966, 31, 51.00, 1.00),
	(3966, 39, 4.00, 200.00),
	(3966, 33, 232.00, 200.00),
	(3967, 56, 60.30, 90.00),
	(3967, 68, 250.20, 180.00),
	(3967, 70, 60.00, 200.00),
	(3968, 76, 138.00, 120.00),
	(3968, 91, 60.00, 150.00),
	(3968, 102, 276.00, 200.00),
	(3968, 117, 0.80, 80.00),
	(3968, 96, 262.00, 200.00),
	(3968, 107, 51.00, 1.00),
	(3968, 109, 183.60, 180.00),
	(3969, 121, 129.60, 120.00),
	(3969, 122, 102.00, 2.00),
	(3969, 123, 125.10, 90.00),
	(3970, 143, 44.40, 120.00),
	(3970, 142, 27.00, 180.00),
	(3970, 144, 66.00, 200.00),
	(3970, 147, 52.00, 200.00),
	(3970, 133, 32.00, 200.00),
	(3970, 138, 82.00, 200.00),
	(3970, 152, 194.40, 180.00),
	(3970, 159, 1.50, 150.00),
	(3970, 127, 207.00, 180.00),
	(3970, 155, 232.00, 200.00),
	(3971, 4, 64.80, 60.00),
	(3971, 22, 21.60, 90.00),
	(3971, 6, 100.50, 150.00),
	(3971, 31, 51.00, 1.00),
	(3971, 32, 354.00, 1.00),
	(3971, 39, 1.80, 90.00),
	(3971, 33, 69.60, 60.00),
	(3972, 65, 84.00, 150.00),
	(3972, 68, 166.80, 120.00),
	(3972, 69, 63.00, 180.00),
	(3973, 75, 69.00, 100.00),
	(3973, 86, 8.80, 80.00),
	(3973, 79, 15.60, 60.00),
	(3973, 94, 55.50, 150.00),
	(3973, 93, 9.00, 60.00),
	(3973, 95, 19.80, 60.00),
	(3973, 103, 217.80, 180.00),
	(3973, 120, 31.50, 90.00),
	(3973, 96, 262.00, 200.00),
	(3973, 107, 102.00, 2.00),
	(3973, 108, 178.20, 180.00),
	(3973, 115, 194.00, 200.00),
	(3974, 121, 86.40, 80.00),
	(3974, 122, 102.00, 2.00),
	(3974, 123, 139.00, 100.00),
	(3975, 129, 42.00, 150.00),
	(3975, 135, 16.50, 150.00),
	(3975, 138, 82.00, 200.00),
	(3975, 137, 60.00, 150.00),
	(3975, 152, 194.40, 180.00),
	(3975, 161, 54.00, 180.00),
	(3975, 127, 230.00, 200.00),
	(3975, 155, 139.20, 120.00),
	(3976, 4, 194.40, 180.00),
	(3976, 25, 28.80, 80.00),
	(3976, 21, 60.00, 100.00),
	(3976, 31, 51.00, 1.00),
	(3976, 40, 3.60, 180.00),
	(3976, 33, 232.00, 200.00),
	(3976, 36, 83.40, 60.00),
	(3977, 62, 25.60, 80.00),
	(3977, 43, 97.20, 90.00),
	(3977, 68, 166.80, 120.00),
	(3977, 70, 36.00, 120.00),
	(3978, 76, 207.00, 180.00),
	(3978, 93, 12.00, 80.00),
	(3978, 87, 12.60, 60.00),
	(3978, 81, 34.50, 150.00),
	(3978, 94, 44.40, 120.00),
	(3978, 80, 16.80, 60.00),
	(3978, 98, 189.00, 180.00),
	(3978, 118, 1.00, 100.00),
	(3978, 96, 262.00, 200.00),
	(3978, 107, 102.00, 2.00),
	(3978, 109, 81.60, 80.00),
	(3978, 112, 208.80, 180.00),
	(3979, 121, 194.40, 180.00),
	(3979, 122, 102.00, 2.00),
	(3979, 124, 28.00, 80.00),
	(3980, 141, 17.10, 90.00),
	(3980, 131, 21.60, 180.00),
	(3980, 132, 40.50, 150.00),
	(3980, 147, 46.80, 180.00),
	(3980, 149, 276.00, 200.00),
	(3980, 158, 1.00, 100.00),
	(3980, 128, 206.00, 200.00),
	(3980, 155, 232.00, 200.00),
	(3981, 5, 138.00, 2.00),
	(3981, 13, 112.00, 200.00),
	(3981, 32, 354.00, 1.00),
	(3981, 31, 51.00, 1.00),
	(3981, 39, 4.00, 200.00),
	(3982, 65, 33.60, 60.00),
	(3982, 68, 278.00, 200.00),
	(3983, 73, 172.50, 150.00),
	(3983, 82, 21.60, 180.00),
	(3983, 87, 21.00, 100.00),
	(3983, 83, 48.60, 180.00),
	(3983, 95, 49.50, 150.00),
	(3983, 88, 80.00, 200.00),
	(3983, 102, 248.40, 180.00),
	(3983, 116, 4.00, 200.00),
	(3983, 96, 117.90, 90.00),
	(3983, 107, 51.00, 1.00),
	(3983, 108, 178.20, 180.00),
	(3983, 115, 174.60, 180.00),
	(3984, 123, 278.00, 200.00),
	(3984, 124, 31.50, 90.00),
	(3985, 140, 48.00, 120.00),
	(3985, 137, 60.00, 150.00),
	(3985, 143, 44.40, 120.00),
	(3985, 138, 73.80, 180.00),
	(3985, 145, 41.00, 100.00),
	(3985, 154, 126.00, 120.00),
	(3985, 162, 3.60, 180.00),
	(3985, 128, 206.00, 200.00),
	(3985, 155, 232.00, 200.00),
	(3986, 1, 43.20, 80.00),
	(3986, 19, 31.50, 90.00),
	(3986, 21, 72.00, 120.00),
	(3986, 31, 51.00, 1.00),
	(3986, 32, 354.00, 1.00),
	(3986, 38, 39.60, 90.00),
	(3986, 33, 69.60, 60.00),
	(3987, 61, 54.40, 80.00),
	(3987, 43, 64.80, 60.00),
	(3987, 68, 125.10, 90.00),
	(3987, 71, 66.00, 150.00),
	(3988, 75, 82.80, 120.00),
	(3988, 94, 44.40, 120.00),
	(3988, 93, 30.00, 200.00),
	(3988, 91, 24.00, 60.00),
	(3988, 77, 32.80, 80.00),
	(3988, 83, 32.40, 120.00),
	(3988, 105, 216.00, 200.00),
	(3988, 120, 70.00, 200.00),
	(3988, 96, 235.80, 180.00),
	(3988, 107, 102.00, 2.00),
	(3988, 109, 153.00, 150.00),
	(3988, 114, 154.50, 150.00),
	(3989, 121, 108.00, 100.00),
	(3989, 122, 102.00, 2.00),
	(3989, 123, 111.20, 80.00),
	(3990, 145, 32.80, 80.00),
	(3990, 138, 61.50, 150.00),
	(3990, 135, 16.50, 150.00),
	(3990, 139, 12.60, 90.00),
	(3990, 144, 59.40, 180.00),
	(3990, 132, 24.30, 90.00),
	(3990, 153, 178.50, 150.00),
	(3990, 160, 0.90, 90.00),
	(3990, 127, 230.00, 200.00),
	(3990, 155, 208.80, 180.00),
	(3991, 2, 154.80, 180.00),
	(3991, 16, 95.40, 180.00),
	(3991, 31, 51.00, 1.00),
	(3991, 32, 354.00, 1.00),
	(3991, 41, 0.90, 90.00),
	(3992, 51, 52.20, 60.00),
	(3992, 68, 278.00, 200.00),
	(3993, 76, 230.00, 200.00),
	(3993, 81, 46.00, 200.00),
	(3993, 89, 49.20, 120.00),
	(3993, 77, 36.90, 90.00),
	(3993, 78, 27.60, 120.00),
	(3993, 93, 18.00, 120.00),
	(3993, 104, 153.00, 180.00),
	(3993, 118, 0.80, 80.00),
	(3993, 96, 235.80, 180.00),
	(3993, 107, 102.00, 2.00),
	(3993, 110, 194.00, 200.00),
	(3993, 112, 69.60, 60.00),
	(3994, 121, 216.00, 200.00),
	(3994, 122, 102.00, 2.00),
	(3995, 135, 19.80, 180.00),
	(3995, 140, 72.00, 180.00),
	(3995, 135, 9.90, 90.00),
	(3995, 143, 44.40, 120.00),
	(3995, 132, 32.40, 120.00),
	(3995, 133, 19.20, 120.00),
	(3995, 150, 217.80, 180.00),
	(3995, 160, 0.90, 90.00),
	(3995, 127, 207.00, 180.00),
	(3995, 155, 208.80, 180.00),
	(3996, 1, 81.00, 150.00),
	(3996, 27, 96.00, 150.00),
	(3996, 31, 51.00, 1.00),
	(3996, 32, 354.00, 1.00),
	(3996, 38, 88.00, 200.00),
	(3997, 61, 122.40, 180.00),
	(3997, 43, 64.80, 60.00),
	(3997, 68, 111.20, 80.00),
	(3997, 69, 31.50, 90.00),
	(3998, 76, 207.00, 180.00),
	(3998, 81, 23.00, 100.00),
	(3998, 79, 20.80, 80.00),
	(3998, 82, 10.80, 90.00),
	(3998, 89, 73.80, 180.00),
	(3998, 78, 41.40, 180.00),
	(3998, 101, 208.80, 180.00),
	(3998, 118, 1.80, 180.00),
	(3998, 96, 196.50, 150.00),
	(3998, 110, 194.00, 200.00),
	(3998, 112, 208.80, 180.00),
	(3999, 121, 64.80, 60.00),
	(3999, 122, 51.00, 1.00),
	(3999, 123, 166.80, 120.00),
	(3999, 125, 54.00, 180.00),
	(4000, 132, 54.00, 200.00),
	(4000, 131, 10.80, 90.00),
	(4000, 145, 82.00, 200.00),
	(4000, 147, 26.00, 100.00),
	(4000, 140, 36.00, 90.00),
	(4000, 149, 276.00, 200.00),
	(4000, 161, 54.00, 180.00),
	(4000, 128, 123.60, 120.00),
	(4000, 155, 174.00, 150.00),
	(4001, 4, 64.80, 60.00),
	(4001, 22, 21.60, 90.00),
	(4001, 6, 100.50, 150.00),
	(4001, 31, 51.00, 1.00),
	(4001, 32, 354.00, 1.00),
	(4001, 39, 1.80, 90.00),
	(4001, 33, 69.60, 60.00),
	(4002, 65, 84.00, 150.00),
	(4002, 68, 166.80, 120.00),
	(4002, 69, 63.00, 180.00),
	(4003, 75, 69.00, 100.00),
	(4003, 86, 8.80, 80.00),
	(4003, 79, 15.60, 60.00),
	(4003, 94, 55.50, 150.00),
	(4003, 93, 9.00, 60.00),
	(4003, 95, 19.80, 60.00),
	(4003, 103, 217.80, 180.00),
	(4003, 120, 31.50, 90.00),
	(4003, 96, 262.00, 200.00),
	(4003, 107, 102.00, 2.00),
	(4003, 108, 178.20, 180.00),
	(4003, 115, 194.00, 200.00),
	(4004, 121, 86.40, 80.00),
	(4004, 122, 102.00, 2.00),
	(4004, 123, 139.00, 100.00),
	(4005, 129, 42.00, 150.00),
	(4005, 135, 16.50, 150.00),
	(4005, 138, 82.00, 200.00),
	(4005, 137, 60.00, 150.00),
	(4005, 152, 194.40, 180.00),
	(4005, 161, 54.00, 180.00),
	(4005, 127, 230.00, 200.00),
	(4005, 155, 139.20, 120.00),
	(4006, 4, 194.40, 180.00),
	(4006, 25, 28.80, 80.00),
	(4006, 21, 60.00, 100.00),
	(4006, 31, 51.00, 1.00),
	(4006, 40, 3.60, 180.00),
	(4006, 33, 232.00, 200.00),
	(4006, 36, 83.40, 60.00),
	(4007, 62, 25.60, 80.00),
	(4007, 43, 97.20, 90.00),
	(4007, 68, 166.80, 120.00),
	(4007, 70, 36.00, 120.00),
	(4008, 76, 207.00, 180.00),
	(4008, 93, 12.00, 80.00),
	(4008, 87, 12.60, 60.00),
	(4008, 81, 34.50, 150.00),
	(4008, 94, 44.40, 120.00),
	(4008, 80, 16.80, 60.00),
	(4008, 98, 189.00, 180.00),
	(4008, 118, 1.00, 100.00),
	(4008, 96, 262.00, 200.00),
	(4008, 107, 102.00, 2.00),
	(4008, 109, 81.60, 80.00),
	(4008, 112, 208.80, 180.00),
	(4009, 121, 194.40, 180.00),
	(4009, 122, 102.00, 2.00),
	(4009, 124, 28.00, 80.00),
	(4010, 141, 17.10, 90.00),
	(4010, 131, 21.60, 180.00),
	(4010, 132, 40.50, 150.00),
	(4010, 147, 46.80, 180.00),
	(4010, 149, 276.00, 200.00),
	(4010, 158, 1.00, 100.00),
	(4010, 128, 206.00, 200.00),
	(4010, 155, 232.00, 200.00),
	(4011, 5, 138.00, 2.00),
	(4011, 13, 112.00, 200.00),
	(4011, 32, 354.00, 1.00),
	(4011, 31, 51.00, 1.00),
	(4011, 39, 4.00, 200.00),
	(4012, 65, 33.60, 60.00),
	(4012, 68, 278.00, 200.00),
	(4013, 73, 172.50, 150.00),
	(4013, 82, 21.60, 180.00),
	(4013, 87, 21.00, 100.00),
	(4013, 83, 48.60, 180.00),
	(4013, 95, 49.50, 150.00),
	(4013, 88, 80.00, 200.00),
	(4013, 102, 248.40, 180.00),
	(4013, 116, 4.00, 200.00),
	(4013, 96, 117.90, 90.00),
	(4013, 107, 51.00, 1.00),
	(4013, 108, 178.20, 180.00),
	(4013, 115, 174.60, 180.00),
	(4014, 123, 278.00, 200.00),
	(4014, 124, 31.50, 90.00),
	(4015, 140, 48.00, 120.00),
	(4015, 137, 60.00, 150.00),
	(4015, 143, 44.40, 120.00),
	(4015, 138, 73.80, 180.00),
	(4015, 145, 41.00, 100.00),
	(4015, 154, 126.00, 120.00),
	(4015, 162, 3.60, 180.00),
	(4015, 128, 206.00, 200.00),
	(4015, 155, 232.00, 200.00),
	(4016, 1, 43.20, 80.00),
	(4016, 19, 31.50, 90.00),
	(4016, 21, 72.00, 120.00),
	(4016, 31, 51.00, 1.00),
	(4016, 32, 354.00, 1.00),
	(4016, 38, 39.60, 90.00),
	(4016, 33, 69.60, 60.00),
	(4017, 61, 54.40, 80.00),
	(4017, 43, 64.80, 60.00),
	(4017, 68, 125.10, 90.00),
	(4017, 71, 66.00, 150.00),
	(4018, 75, 82.80, 120.00),
	(4018, 94, 44.40, 120.00),
	(4018, 93, 30.00, 200.00),
	(4018, 91, 24.00, 60.00),
	(4018, 77, 32.80, 80.00),
	(4018, 83, 32.40, 120.00),
	(4018, 105, 216.00, 200.00),
	(4018, 120, 70.00, 200.00),
	(4018, 96, 235.80, 180.00),
	(4018, 107, 102.00, 2.00),
	(4018, 109, 153.00, 150.00),
	(4018, 114, 154.50, 150.00),
	(4019, 121, 108.00, 100.00),
	(4019, 122, 102.00, 2.00),
	(4019, 123, 111.20, 80.00),
	(4020, 145, 32.80, 80.00),
	(4020, 138, 61.50, 150.00),
	(4020, 135, 16.50, 150.00),
	(4020, 139, 12.60, 90.00),
	(4020, 144, 59.40, 180.00),
	(4020, 132, 24.30, 90.00),
	(4020, 153, 178.50, 150.00),
	(4020, 160, 0.90, 90.00),
	(4020, 127, 230.00, 200.00),
	(4020, 155, 208.80, 180.00),
	(4021, 2, 154.80, 180.00),
	(4021, 16, 95.40, 180.00),
	(4021, 31, 51.00, 1.00),
	(4021, 32, 354.00, 1.00),
	(4021, 41, 0.90, 90.00),
	(4022, 51, 52.20, 60.00),
	(4022, 68, 278.00, 200.00),
	(4023, 76, 230.00, 200.00),
	(4023, 81, 46.00, 200.00),
	(4023, 89, 49.20, 120.00),
	(4023, 77, 36.90, 90.00),
	(4023, 78, 27.60, 120.00),
	(4023, 93, 18.00, 120.00),
	(4023, 104, 153.00, 180.00),
	(4023, 118, 0.80, 80.00),
	(4023, 96, 235.80, 180.00),
	(4023, 107, 102.00, 2.00),
	(4023, 110, 194.00, 200.00),
	(4023, 112, 69.60, 60.00),
	(4024, 121, 216.00, 200.00),
	(4024, 122, 102.00, 2.00),
	(4025, 135, 19.80, 180.00),
	(4025, 140, 72.00, 180.00),
	(4025, 135, 9.90, 90.00),
	(4025, 143, 44.40, 120.00),
	(4025, 132, 32.40, 120.00),
	(4025, 133, 19.20, 120.00),
	(4025, 150, 217.80, 180.00),
	(4025, 160, 0.90, 90.00),
	(4025, 127, 207.00, 180.00),
	(4025, 155, 208.80, 180.00),
	(4026, 1, 81.00, 150.00),
	(4026, 27, 96.00, 150.00),
	(4026, 31, 51.00, 1.00),
	(4026, 32, 354.00, 1.00),
	(4026, 38, 88.00, 200.00),
	(4027, 61, 122.40, 180.00),
	(4027, 43, 64.80, 60.00),
	(4027, 68, 111.20, 80.00),
	(4027, 69, 31.50, 90.00),
	(4028, 76, 207.00, 180.00),
	(4028, 81, 23.00, 100.00),
	(4028, 79, 20.80, 80.00),
	(4028, 82, 10.80, 90.00),
	(4028, 89, 73.80, 180.00),
	(4028, 78, 41.40, 180.00),
	(4028, 101, 208.80, 180.00),
	(4028, 118, 1.80, 180.00),
	(4028, 96, 196.50, 150.00),
	(4028, 110, 194.00, 200.00),
	(4028, 112, 208.80, 180.00),
	(4029, 121, 64.80, 60.00),
	(4029, 122, 51.00, 1.00),
	(4029, 123, 166.80, 120.00),
	(4029, 125, 54.00, 180.00),
	(4030, 132, 54.00, 200.00),
	(4030, 131, 10.80, 90.00),
	(4030, 145, 82.00, 200.00),
	(4030, 147, 26.00, 100.00),
	(4030, 140, 36.00, 90.00),
	(4030, 149, 276.00, 200.00),
	(4030, 161, 54.00, 180.00),
	(4030, 128, 123.60, 120.00),
	(4030, 155, 174.00, 150.00),
	(4031, 1, 48.60, 90.00),
	(4031, 9, 54.40, 80.00),
	(4031, 31, 51.00, 1.00),
	(4031, 32, 354.00, 1.00),
	(4031, 41, 1.50, 150.00),
	(4031, 34, 96.00, 150.00),
	(4032, 53, 132.00, 200.00),
	(4032, 68, 111.20, 80.00),
	(4032, 71, 44.00, 100.00),
	(4033, 73, 115.00, 100.00),
	(4033, 78, 34.50, 150.00),
	(4033, 89, 49.20, 120.00),
	(4033, 79, 26.00, 100.00),
	(4033, 80, 28.00, 100.00),
	(4033, 103, 217.80, 180.00),
	(4033, 118, 2.00, 200.00),
	(4033, 96, 235.80, 180.00),
	(4033, 107, 102.00, 2.00),
	(4033, 110, 116.40, 120.00),
	(4033, 114, 154.50, 150.00),
	(4034, 122, 102.00, 2.00),
	(4034, 123, 166.80, 120.00),
	(4034, 124, 35.00, 100.00),
	(4035, 141, 38.00, 200.00),
	(4035, 135, 6.60, 60.00),
	(4035, 143, 22.20, 60.00),
	(4035, 145, 32.80, 80.00),
	(4035, 149, 165.60, 120.00),
	(4035, 161, 60.00, 200.00),
	(4035, 127, 207.00, 180.00),
	(4035, 155, 232.00, 200.00),
	(4036, 2, 51.60, 60.00),
	(4036, 18, 76.00, 200.00),
	(4036, 31, 51.00, 1.00),
	(4036, 32, 354.00, 1.00),
	(4036, 39, 1.60, 80.00),
	(4036, 36, 83.40, 60.00),
	(4037, 46, 99.60, 120.00),
	(4037, 43, 129.60, 120.00),
	(4037, 69, 70.00, 200.00),
	(4038, 76, 115.00, 100.00),
	(4038, 77, 73.80, 180.00),
	(4038, 88, 36.00, 90.00),
	(4038, 87, 18.90, 90.00),
	(4038, 80, 25.20, 90.00),
	(4038, 93, 22.50, 150.00),
	(4038, 105, 216.00, 200.00),
	(4038, 119, 1.20, 120.00),
	(4038, 96, 262.00, 200.00),
	(4038, 111, 92.70, 90.00),
	(4038, 112, 208.80, 180.00),
	(4039, 121, 129.60, 120.00),
	(4039, 122, 51.00, 1.00),
	(4039, 123, 83.40, 60.00),
	(4039, 124, 42.00, 120.00),
	(4040, 145, 73.80, 180.00),
	(4040, 137, 80.00, 200.00),
	(4040, 142, 30.00, 200.00),
	(4040, 147, 26.00, 100.00),
	(4040, 143, 66.60, 180.00),
	(4040, 148, 208.80, 180.00),
	(4040, 162, 3.60, 180.00),
	(4040, 127, 103.50, 90.00),
	(4040, 155, 174.00, 150.00),
	(4041, 1, 32.40, 60.00),
	(4041, 26, 147.60, 180.00),
	(4041, 29, 41.00, 100.00),
	(4041, 31, 102.00, 2.00),
	(4041, 41, 2.00, 200.00),
	(4041, 33, 69.60, 60.00),
	(4041, 36, 208.50, 150.00),
	(4042, 66, 95.40, 180.00),
	(4042, 68, 166.80, 120.00),
	(4042, 69, 31.50, 90.00),
	(4043, 73, 230.00, 200.00),
	(4043, 81, 18.40, 80.00),
	(4043, 85, 38.00, 200.00),
	(4043, 82, 7.20, 60.00),
	(4043, 95, 66.00, 200.00),
	(4043, 88, 60.00, 150.00),
	(4043, 98, 210.00, 200.00),
	(4043, 118, 0.80, 80.00),
	(4043, 107, 102.00, 2.00),
	(4043, 110, 116.40, 120.00),
	(4043, 112, 232.00, 200.00),
	(4044, 121, 97.20, 90.00),
	(4044, 122, 51.00, 1.00),
	(4044, 123, 111.20, 80.00),
	(4044, 125, 27.00, 90.00),
	(4045, 139, 8.40, 60.00),
	(4045, 138, 24.60, 60.00),
	(4045, 129, 28.00, 100.00),
	(4045, 153, 238.00, 200.00),
	(4045, 160, 0.80, 80.00),
	(4045, 127, 230.00, 200.00),
	(4045, 155, 232.00, 200.00),
	(4046, 3, 138.00, 200.00),
	(4046, 12, 19.20, 60.00),
	(4046, 13, 50.40, 90.00),
	(4046, 32, 354.00, 1.00),
	(4046, 31, 51.00, 1.00),
	(4046, 41, 1.00, 100.00),
	(4047, 57, 32.80, 80.00),
	(4047, 43, 216.00, 200.00),
	(4047, 71, 39.60, 90.00),
	(4048, 76, 207.00, 180.00),
	(4048, 93, 22.50, 150.00),
	(4048, 85, 28.50, 150.00),
	(4048, 78, 18.40, 80.00),
	(4048, 83, 32.40, 120.00),
	(4048, 102, 207.00, 150.00),
	(4048, 118, 0.80, 80.00),
	(4048, 96, 131.00, 100.00),
	(4048, 107, 51.00, 1.00),
	(4048, 109, 153.00, 150.00),
	(4048, 112, 208.80, 180.00),
	(4049, 121, 97.20, 90.00),
	(4049, 123, 166.80, 120.00),
	(4049, 124, 28.00, 80.00),
	(4050, 131, 18.00, 150.00),
	(4050, 132, 27.00, 100.00),
	(4050, 146, 34.50, 150.00),
	(4050, 139, 25.20, 180.00),
	(4050, 137, 80.00, 200.00),
	(4050, 153, 238.00, 200.00),
	(4050, 161, 27.00, 90.00),
	(4050, 128, 185.40, 180.00),
	(4050, 156, 124.00, 200.00),
	(4051, 2, 103.20, 120.00),
	(4051, 18, 38.00, 100.00),
	(4051, 31, 102.00, 2.00),
	(4051, 32, 354.00, 1.00),
	(4051, 41, 0.80, 80.00),
	(4052, 67, 21.60, 80.00),
	(4052, 43, 216.00, 200.00),
	(4052, 71, 44.00, 100.00),
	(4053, 73, 230.00, 200.00),
	(4053, 89, 73.80, 180.00),
	(4053, 82, 18.00, 150.00),
	(4053, 81, 18.40, 80.00),
	(4053, 83, 54.00, 200.00),
	(4053, 92, 15.20, 80.00),
	(4053, 105, 216.00, 200.00),
	(4053, 117, 1.80, 180.00),
	(4053, 96, 196.50, 150.00),
	(4053, 107, 102.00, 2.00),
	(4053, 115, 145.50, 150.00),
	(4054, 121, 86.40, 80.00),
	(4054, 123, 166.80, 120.00),
	(4054, 125, 54.00, 180.00),
	(4055, 144, 26.40, 80.00),
	(4055, 129, 22.40, 80.00),
	(4055, 138, 82.00, 200.00),
	(4055, 137, 32.00, 80.00),
	(4055, 146, 34.50, 150.00),
	(4055, 152, 216.00, 200.00),
	(4055, 158, 1.00, 100.00),
	(4055, 128, 123.60, 120.00),
	(4055, 155, 232.00, 200.00),
	(4056, 4, 129.60, 120.00),
	(4056, 24, 32.40, 60.00),
	(4056, 8, 40.00, 100.00),
	(4056, 32, 354.00, 1.00),
	(4056, 31, 51.00, 1.00),
	(4056, 42, 2.00, 200.00),
	(4057, 60, 48.00, 120.00),
	(4057, 43, 129.60, 120.00),
	(4057, 68, 83.40, 60.00),
	(4057, 71, 35.20, 80.00),
	(4058, 74, 123.60, 120.00),
	(4058, 83, 21.60, 80.00),
	(4058, 88, 60.00, 150.00),
	(4058, 94, 74.00, 200.00),
	(4058, 84, 14.40, 90.00),
	(4058, 105, 216.00, 200.00),
	(4058, 120, 70.00, 200.00),
	(4058, 96, 104.80, 80.00),
	(4058, 107, 102.00, 2.00),
	(4058, 109, 183.60, 180.00),
	(4058, 113, 111.60, 180.00),
	(4059, 123, 250.20, 180.00),
	(4059, 125, 36.00, 120.00),
	(4060, 146, 34.50, 150.00),
	(4060, 140, 32.00, 80.00),
	(4060, 144, 39.60, 120.00),
	(4060, 133, 24.00, 150.00),
	(4060, 139, 8.40, 60.00),
	(4060, 149, 207.00, 150.00),
	(4060, 159, 1.80, 180.00),
	(4060, 127, 230.00, 200.00),
	(4060, 155, 174.00, 150.00),
	(4061, 1, 48.60, 90.00),
	(4061, 9, 54.40, 80.00),
	(4061, 31, 51.00, 1.00),
	(4061, 32, 354.00, 1.00),
	(4061, 41, 1.50, 150.00),
	(4061, 34, 96.00, 150.00),
	(4062, 53, 132.00, 200.00),
	(4062, 68, 111.20, 80.00),
	(4062, 71, 44.00, 100.00),
	(4063, 73, 115.00, 100.00),
	(4063, 78, 34.50, 150.00),
	(4063, 89, 49.20, 120.00),
	(4063, 79, 26.00, 100.00),
	(4063, 80, 28.00, 100.00),
	(4063, 103, 217.80, 180.00),
	(4063, 118, 2.00, 200.00),
	(4063, 96, 235.80, 180.00),
	(4063, 107, 102.00, 2.00),
	(4063, 110, 116.40, 120.00),
	(4063, 114, 154.50, 150.00),
	(4064, 122, 102.00, 2.00),
	(4064, 123, 166.80, 120.00),
	(4064, 124, 35.00, 100.00),
	(4065, 141, 38.00, 200.00),
	(4065, 135, 6.60, 60.00),
	(4065, 143, 22.20, 60.00),
	(4065, 145, 32.80, 80.00),
	(4065, 149, 165.60, 120.00),
	(4065, 161, 60.00, 200.00),
	(4065, 127, 207.00, 180.00),
	(4065, 155, 232.00, 200.00),
	(4151, 3, 138.00, 200.00),
	(4151, 14, 15.60, 60.00),
	(4151, 13, 112.00, 200.00),
	(4151, 31, 102.00, 2.00),
	(4151, 39, 1.60, 80.00),
	(4151, 33, 208.80, 180.00),
	(4152, 56, 53.60, 80.00),
	(4152, 43, 194.40, 180.00),
	(4152, 71, 39.60, 90.00),
	(4153, 75, 124.20, 180.00),
	(4153, 86, 19.80, 180.00),
	(4153, 97, 210.00, 200.00),
	(4153, 119, 1.50, 150.00),
	(4153, 96, 196.50, 150.00),
	(4153, 107, 102.00, 2.00),
	(4153, 110, 194.00, 200.00),
	(4153, 114, 185.40, 180.00),
	(4154, 121, 162.00, 150.00),
	(4154, 122, 102.00, 2.00),
	(4154, 125, 30.00, 100.00),
	(4155, 133, 32.00, 200.00),
	(4155, 132, 48.60, 180.00),
	(4155, 139, 16.80, 120.00),
	(4155, 137, 60.00, 150.00),
	(4155, 130, 20.70, 90.00),
	(4155, 140, 36.00, 90.00),
	(4155, 152, 216.00, 200.00),
	(4155, 162, 3.60, 180.00),
	(4155, 127, 103.50, 90.00),
	(4155, 155, 208.80, 180.00),
	(4156, 5, 138.00, 2.00),
	(4156, 30, 20.70, 90.00),
	(4156, 6, 120.60, 180.00),
	(4156, 31, 51.00, 1.00),
	(4156, 38, 52.80, 120.00),
	(4156, 33, 104.40, 90.00),
	(4156, 34, 96.00, 150.00),
	(4157, 66, 47.70, 90.00),
	(4157, 68, 250.20, 180.00),
	(4158, 74, 123.60, 120.00),
	(4158, 94, 33.30, 90.00),
	(4158, 84, 24.00, 150.00),
	(4158, 90, 11.20, 80.00),
	(4158, 78, 23.00, 100.00),
	(4158, 101, 232.00, 200.00),
	(4158, 120, 42.00, 120.00),
	(4158, 96, 235.80, 180.00),
	(4158, 109, 183.60, 180.00),
	(4159, 121, 194.40, 180.00),
	(4159, 124, 70.00, 200.00),
	(4160, 145, 61.50, 150.00),
	(4160, 144, 49.50, 150.00),
	(4160, 132, 27.00, 100.00),
	(4160, 131, 9.60, 80.00),
	(4160, 133, 12.80, 80.00),
	(4160, 135, 22.00, 200.00),
	(4160, 150, 217.80, 180.00),
	(4160, 160, 1.50, 150.00),
	(4160, 127, 172.50, 150.00),
	(4160, 155, 174.00, 150.00),
	(4161, 4, 108.00, 100.00),
	(4161, 7, 36.90, 90.00),
	(4161, 31, 51.00, 1.00),
	(4161, 32, 354.00, 1.00),
	(4161, 42, 1.00, 100.00),
	(4161, 33, 69.60, 60.00),
	(4162, 62, 48.00, 150.00),
	(4162, 68, 208.50, 150.00),
	(4162, 70, 36.00, 120.00),
	(4163, 74, 123.60, 120.00),
	(4163, 94, 29.60, 80.00),
	(4163, 91, 72.00, 180.00),
	(4163, 84, 9.60, 60.00),
	(4163, 83, 21.60, 80.00),
	(4163, 79, 31.20, 120.00),
	(4163, 97, 157.50, 150.00),
	(4163, 119, 1.50, 150.00),
	(4163, 96, 196.50, 150.00),
	(4163, 107, 102.00, 2.00),
	(4163, 109, 204.00, 200.00),
	(4163, 113, 49.60, 80.00),
	(4164, 121, 216.00, 200.00),
	(4164, 122, 51.00, 1.00),
	(4165, 137, 72.00, 180.00),
	(4165, 129, 28.00, 100.00),
	(4165, 132, 54.00, 200.00),
	(4165, 136, 18.90, 90.00),
	(4165, 150, 242.00, 200.00),
	(4165, 157, 1.60, 80.00),
	(4165, 127, 103.50, 90.00),
	(4165, 155, 232.00, 200.00),
	(4166, 5, 138.00, 2.00),
	(4166, 14, 46.80, 180.00),
	(4166, 31, 51.00, 1.00),
	(4166, 39, 4.00, 200.00),
	(4166, 33, 174.00, 150.00),
	(4166, 36, 208.50, 150.00),
	(4167, 48, 48.00, 200.00),
	(4167, 43, 194.40, 180.00),
	(4167, 69, 35.00, 100.00),
	(4168, 72, 135.00, 150.00),
	(4168, 84, 12.80, 80.00),
	(4168, 90, 21.00, 150.00),
	(4168, 91, 60.00, 150.00),
	(4168, 93, 13.50, 90.00),
	(4168, 85, 11.40, 60.00),
	(4168, 87, 16.80, 80.00),
	(4168, 106, 238.00, 200.00),
	(4168, 118, 2.00, 200.00),
	(4168, 96, 196.50, 150.00),
	(4168, 107, 102.00, 2.00),
	(4168, 111, 185.40, 180.00),
	(4169, 121, 194.40, 180.00),
	(4169, 123, 83.40, 60.00),
	(4170, 142, 27.00, 180.00),
	(4170, 144, 66.00, 200.00),
	(4170, 137, 24.00, 60.00),
	(4170, 131, 24.00, 200.00),
	(4170, 149, 248.40, 180.00),
	(4170, 161, 45.00, 150.00),
	(4170, 127, 172.50, 150.00),
	(4170, 155, 139.20, 120.00),
	(4171, 3, 41.40, 60.00),
	(4171, 15, 16.20, 60.00),
	(4171, 32, 354.00, 1.00),
	(4171, 31, 102.00, 2.00),
	(4171, 37, 0.90, 90.00),
	(4171, 34, 96.00, 150.00),
	(4172, 62, 25.60, 80.00),
	(4172, 68, 208.50, 150.00),
	(4172, 71, 66.00, 150.00),
	(4173, 73, 92.00, 80.00),
	(4173, 90, 28.00, 200.00),
	(4173, 87, 31.50, 150.00),
	(4173, 78, 34.50, 150.00),
	(4173, 77, 36.90, 90.00),
	(4173, 106, 214.20, 180.00),
	(4173, 118, 0.80, 80.00),
	(4173, 96, 262.00, 200.00),
	(4173, 107, 102.00, 2.00),
	(4173, 109, 102.00, 100.00),
	(4174, 121, 194.40, 180.00),
	(4174, 122, 51.00, 1.00),
	(4174, 125, 27.00, 90.00),
	(4175, 137, 24.00, 60.00),
	(4175, 138, 24.60, 60.00),
	(4175, 134, 34.20, 180.00),
	(4175, 136, 12.60, 60.00),
	(4175, 147, 23.40, 90.00),
	(4175, 149, 276.00, 200.00),
	(4175, 160, 1.80, 180.00),
	(4175, 127, 207.00, 180.00),
	(4175, 155, 174.00, 150.00),
	(4176, 2, 103.20, 120.00),
	(4176, 11, 96.00, 120.00),
	(4176, 26, 65.60, 80.00),
	(4176, 31, 102.00, 2.00),
	(4176, 40, 1.80, 90.00),
	(4176, 33, 208.80, 180.00),
	(4177, 63, 48.00, 60.00),
	(4177, 43, 194.40, 180.00),
	(4177, 70, 24.00, 80.00),
	(4178, 72, 135.00, 150.00),
	(4178, 78, 18.40, 80.00),
	(4178, 83, 32.40, 120.00),
	(4178, 82, 24.00, 200.00),
	(4178, 89, 32.80, 80.00),
	(4178, 102, 248.40, 180.00),
	(4178, 118, 1.80, 180.00),
	(4178, 96, 235.80, 180.00),
	(4178, 107, 51.00, 1.00),
	(4178, 108, 198.00, 200.00),
	(4179, 121, 97.20, 90.00),
	(4179, 123, 125.10, 90.00),
	(4179, 125, 60.00, 200.00),
	(4180, 144, 59.40, 180.00),
	(4180, 145, 82.00, 200.00),
	(4180, 149, 276.00, 200.00),
	(4180, 161, 30.00, 100.00),
	(4180, 127, 138.00, 120.00),
	(4180, 155, 174.00, 150.00),
	(4181, 3, 138.00, 200.00),
	(4181, 14, 15.60, 60.00),
	(4181, 13, 112.00, 200.00),
	(4181, 31, 102.00, 2.00),
	(4181, 39, 1.60, 80.00),
	(4181, 33, 208.80, 180.00),
	(4182, 56, 53.60, 80.00),
	(4182, 43, 194.40, 180.00),
	(4182, 71, 39.60, 90.00),
	(4183, 75, 124.20, 180.00),
	(4183, 86, 19.80, 180.00),
	(4183, 97, 210.00, 200.00),
	(4183, 119, 1.50, 150.00),
	(4183, 96, 196.50, 150.00),
	(4183, 107, 102.00, 2.00),
	(4183, 110, 194.00, 200.00),
	(4183, 114, 185.40, 180.00),
	(4184, 121, 162.00, 150.00),
	(4184, 122, 102.00, 2.00),
	(4184, 125, 30.00, 100.00),
	(4185, 133, 32.00, 200.00),
	(4185, 132, 48.60, 180.00),
	(4185, 139, 16.80, 120.00),
	(4185, 137, 60.00, 150.00),
	(4185, 130, 20.70, 90.00),
	(4185, 140, 36.00, 90.00),
	(4185, 152, 216.00, 200.00),
	(4185, 162, 3.60, 180.00),
	(4185, 127, 103.50, 90.00),
	(4185, 155, 208.80, 180.00),
	(4186, 5, 138.00, 2.00),
	(4186, 30, 20.70, 90.00),
	(4186, 6, 120.60, 180.00),
	(4186, 31, 51.00, 1.00),
	(4186, 38, 52.80, 120.00),
	(4186, 33, 104.40, 90.00),
	(4186, 34, 96.00, 150.00),
	(4187, 66, 47.70, 90.00),
	(4187, 68, 250.20, 180.00),
	(4188, 74, 123.60, 120.00),
	(4188, 94, 33.30, 90.00),
	(4188, 84, 24.00, 150.00),
	(4188, 90, 11.20, 80.00),
	(4188, 78, 23.00, 100.00),
	(4188, 101, 232.00, 200.00),
	(4188, 120, 42.00, 120.00),
	(4188, 96, 235.80, 180.00),
	(4188, 109, 183.60, 180.00),
	(4189, 121, 194.40, 180.00),
	(4189, 124, 70.00, 200.00),
	(4190, 145, 61.50, 150.00),
	(4190, 144, 49.50, 150.00),
	(4190, 132, 27.00, 100.00),
	(4190, 131, 9.60, 80.00),
	(4190, 133, 12.80, 80.00),
	(4190, 135, 22.00, 200.00),
	(4190, 150, 217.80, 180.00),
	(4190, 160, 1.50, 150.00),
	(4190, 127, 172.50, 150.00),
	(4190, 155, 174.00, 150.00),
	(4191, 4, 108.00, 100.00),
	(4191, 7, 36.90, 90.00),
	(4191, 31, 51.00, 1.00),
	(4191, 32, 354.00, 1.00),
	(4191, 42, 1.00, 100.00),
	(4191, 33, 69.60, 60.00),
	(4192, 62, 48.00, 150.00),
	(4192, 68, 208.50, 150.00),
	(4192, 70, 36.00, 120.00),
	(4193, 74, 123.60, 120.00),
	(4193, 94, 29.60, 80.00),
	(4193, 91, 72.00, 180.00),
	(4193, 84, 9.60, 60.00),
	(4193, 83, 21.60, 80.00),
	(4193, 79, 31.20, 120.00),
	(4193, 97, 157.50, 150.00),
	(4193, 119, 1.50, 150.00),
	(4193, 96, 196.50, 150.00),
	(4193, 107, 102.00, 2.00),
	(4193, 109, 204.00, 200.00),
	(4193, 113, 49.60, 80.00),
	(4194, 121, 216.00, 200.00),
	(4194, 122, 51.00, 1.00),
	(4195, 137, 72.00, 180.00),
	(4195, 129, 28.00, 100.00),
	(4195, 132, 54.00, 200.00),
	(4195, 136, 18.90, 90.00),
	(4195, 150, 242.00, 200.00),
	(4195, 157, 1.60, 80.00),
	(4195, 127, 103.50, 90.00),
	(4195, 155, 232.00, 200.00),
	(4196, 5, 138.00, 2.00),
	(4196, 14, 46.80, 180.00),
	(4196, 31, 51.00, 1.00),
	(4196, 39, 4.00, 200.00),
	(4196, 33, 174.00, 150.00),
	(4196, 36, 208.50, 150.00),
	(4197, 48, 48.00, 200.00),
	(4197, 43, 194.40, 180.00),
	(4197, 69, 35.00, 100.00),
	(4198, 72, 135.00, 150.00),
	(4198, 84, 12.80, 80.00),
	(4198, 90, 21.00, 150.00),
	(4198, 91, 60.00, 150.00),
	(4198, 93, 13.50, 90.00),
	(4198, 85, 11.40, 60.00),
	(4198, 87, 16.80, 80.00),
	(4198, 106, 238.00, 200.00),
	(4198, 118, 2.00, 200.00),
	(4198, 96, 196.50, 150.00),
	(4198, 107, 102.00, 2.00),
	(4198, 111, 185.40, 180.00),
	(4199, 121, 194.40, 180.00),
	(4199, 123, 83.40, 60.00),
	(4200, 142, 27.00, 180.00),
	(4200, 144, 66.00, 200.00),
	(4200, 137, 24.00, 60.00),
	(4200, 131, 24.00, 200.00),
	(4200, 149, 248.40, 180.00),
	(4200, 161, 45.00, 150.00),
	(4200, 127, 172.50, 150.00),
	(4200, 155, 139.20, 120.00),
	(4201, 3, 41.40, 60.00),
	(4201, 15, 16.20, 60.00),
	(4201, 32, 354.00, 1.00),
	(4201, 31, 102.00, 2.00),
	(4201, 37, 0.90, 90.00),
	(4201, 34, 96.00, 150.00),
	(4202, 62, 25.60, 80.00),
	(4202, 68, 208.50, 150.00),
	(4202, 71, 66.00, 150.00),
	(4203, 73, 92.00, 80.00),
	(4203, 90, 28.00, 200.00),
	(4203, 87, 31.50, 150.00),
	(4203, 78, 34.50, 150.00),
	(4203, 77, 36.90, 90.00),
	(4203, 106, 214.20, 180.00),
	(4203, 118, 0.80, 80.00),
	(4203, 96, 262.00, 200.00),
	(4203, 107, 102.00, 2.00),
	(4203, 109, 102.00, 100.00),
	(4204, 121, 194.40, 180.00),
	(4204, 122, 51.00, 1.00),
	(4204, 125, 27.00, 90.00),
	(4205, 137, 24.00, 60.00),
	(4205, 138, 24.60, 60.00),
	(4205, 134, 34.20, 180.00),
	(4205, 136, 12.60, 60.00),
	(4205, 147, 23.40, 90.00),
	(4205, 149, 276.00, 200.00),
	(4205, 160, 1.80, 180.00),
	(4205, 127, 207.00, 180.00),
	(4205, 155, 174.00, 150.00),
	(4206, 2, 103.20, 120.00),
	(4206, 11, 96.00, 120.00),
	(4206, 26, 65.60, 80.00),
	(4206, 31, 102.00, 2.00),
	(4206, 40, 1.80, 90.00),
	(4206, 33, 208.80, 180.00),
	(4207, 63, 48.00, 60.00),
	(4207, 43, 194.40, 180.00),
	(4207, 70, 24.00, 80.00),
	(4208, 72, 135.00, 150.00),
	(4208, 78, 18.40, 80.00),
	(4208, 83, 32.40, 120.00),
	(4208, 82, 24.00, 200.00),
	(4208, 89, 32.80, 80.00),
	(4208, 102, 248.40, 180.00),
	(4208, 118, 1.80, 180.00),
	(4208, 96, 235.80, 180.00),
	(4208, 107, 51.00, 1.00),
	(4208, 108, 198.00, 200.00),
	(4209, 121, 97.20, 90.00),
	(4209, 123, 125.10, 90.00),
	(4209, 125, 60.00, 200.00),
	(4210, 144, 59.40, 180.00),
	(4210, 145, 82.00, 200.00),
	(4210, 149, 276.00, 200.00),
	(4210, 161, 30.00, 100.00),
	(4210, 127, 138.00, 120.00),
	(4210, 155, 174.00, 150.00),
	(4211, 5, 138.00, 2.00),
	(4211, 28, 66.00, 100.00),
	(4211, 31, 51.00, 1.00),
	(4211, 38, 79.20, 180.00),
	(4211, 34, 115.20, 180.00),
	(4212, 45, 66.60, 180.00),
	(4212, 68, 111.20, 80.00),
	(4212, 70, 45.00, 150.00),
	(4213, 75, 69.00, 100.00),
	(4213, 77, 73.80, 180.00),
	(4213, 89, 61.50, 150.00),
	(4213, 94, 37.00, 100.00),
	(4213, 100, 136.00, 200.00),
	(4213, 116, 3.60, 180.00),
	(4213, 96, 262.00, 200.00),
	(4213, 107, 51.00, 1.00),
	(4213, 113, 111.60, 180.00),
	(4214, 121, 129.60, 120.00),
	(4214, 125, 60.00, 200.00),
	(4215, 144, 66.00, 200.00),
	(4215, 136, 16.80, 80.00),
	(4215, 140, 48.00, 120.00),
	(4215, 131, 21.60, 180.00),
	(4215, 146, 46.00, 200.00),
	(4215, 153, 238.00, 200.00),
	(4215, 159, 0.80, 80.00),
	(4215, 126, 54.00, 100.00),
	(4215, 156, 55.80, 90.00),
	(4216, 1, 64.80, 120.00),
	(4216, 25, 36.00, 100.00),
	(4216, 15, 40.50, 150.00),
	(4216, 31, 51.00, 1.00),
	(4216, 38, 35.20, 80.00),
	(4216, 33, 104.40, 90.00),
	(4216, 34, 96.00, 150.00),
	(4217, 64, 23.40, 90.00),
	(4217, 43, 194.40, 180.00),
	(4218, 73, 172.50, 150.00),
	(4218, 87, 42.00, 200.00),
	(4218, 92, 15.20, 80.00),
	(4218, 90, 28.00, 200.00),
	(4218, 91, 72.00, 180.00),
	(4218, 95, 19.80, 60.00),
	(4218, 99, 188.00, 200.00),
	(4218, 120, 42.00, 120.00),
	(4218, 108, 198.00, 200.00),
	(4219, 121, 129.60, 120.00),
	(4219, 122, 102.00, 2.00),
	(4220, 133, 28.80, 180.00),
	(4220, 136, 18.90, 90.00),
	(4220, 141, 38.00, 200.00),
	(4220, 135, 22.00, 200.00),
	(4220, 142, 30.00, 200.00),
	(4220, 153, 178.50, 150.00),
	(4220, 161, 27.00, 90.00),
	(4220, 127, 115.00, 100.00),
	(4220, 155, 104.40, 90.00),
	(4221, 2, 129.00, 150.00),
	(4221, 14, 20.80, 80.00),
	(4221, 22, 36.00, 150.00),
	(4221, 31, 51.00, 1.00),
	(4221, 42, 2.00, 200.00),
	(4221, 33, 69.60, 60.00),
	(4221, 34, 128.00, 200.00),
	(4222, 54, 98.40, 120.00),
	(4222, 43, 64.80, 60.00),
	(4222, 71, 35.20, 80.00),
	(4223, 76, 92.00, 80.00),
	(4223, 90, 12.60, 90.00),
	(4223, 77, 41.00, 100.00),
	(4223, 95, 33.00, 100.00),
	(4223, 103, 181.50, 150.00),
	(4223, 116, 1.60, 80.00),
	(4223, 96, 262.00, 200.00),
	(4223, 107, 51.00, 1.00),
	(4223, 112, 139.20, 120.00),
	(4224, 122, 51.00, 1.00),
	(4224, 123, 139.00, 100.00),
	(4224, 125, 36.00, 120.00),
	(4225, 141, 17.10, 90.00),
	(4225, 148, 232.00, 200.00),
	(4225, 158, 0.80, 80.00),
	(4225, 128, 206.00, 200.00),
	(4225, 156, 93.00, 150.00),
	(4226, 5, 138.00, 2.00),
	(4226, 12, 28.80, 90.00),
	(4226, 13, 44.80, 80.00),
	(4226, 31, 51.00, 1.00),
	(4226, 41, 2.00, 200.00),
	(4226, 33, 174.00, 150.00),
	(4226, 35, 29.60, 80.00),
	(4227, 55, 51.20, 80.00),
	(4227, 68, 125.10, 90.00),
	(4227, 70, 24.00, 80.00),
	(4228, 72, 81.00, 90.00),
	(4228, 84, 16.00, 100.00),
	(4228, 82, 21.60, 180.00),
	(4228, 91, 36.00, 90.00),
	(4228, 89, 82.00, 200.00),
	(4228, 93, 22.50, 150.00),
	(4228, 92, 11.40, 60.00),
	(4228, 101, 208.80, 180.00),
	(4228, 119, 0.90, 90.00),
	(4228, 96, 117.90, 90.00),
	(4228, 107, 102.00, 2.00),
	(4228, 109, 81.60, 80.00),
	(4229, 121, 86.40, 80.00),
	(4229, 123, 111.20, 80.00),
	(4229, 124, 31.50, 90.00),
	(4230, 142, 15.00, 100.00),
	(4230, 141, 17.10, 90.00),
	(4230, 135, 13.20, 120.00),
	(4230, 140, 80.00, 200.00),
	(4230, 138, 41.00, 100.00),
	(4230, 151, 102.00, 120.00),
	(4230, 160, 1.50, 150.00),
	(4230, 128, 206.00, 200.00),
	(4230, 155, 104.40, 90.00),
	(4231, 2, 68.80, 80.00),
	(4231, 14, 46.80, 180.00),
	(4231, 17, 22.20, 60.00),
	(4231, 31, 51.00, 1.00),
	(4231, 40, 1.60, 80.00),
	(4231, 36, 250.20, 180.00),
	(4232, 55, 96.00, 150.00),
	(4232, 68, 111.20, 80.00),
	(4233, 74, 103.00, 100.00),
	(4233, 85, 11.40, 60.00),
	(4233, 88, 72.00, 180.00),
	(4233, 92, 28.50, 150.00),
	(4233, 103, 242.00, 200.00),
	(4233, 116, 1.80, 90.00),
	(4233, 96, 235.80, 180.00),
	(4233, 107, 102.00, 2.00),
	(4234, 122, 51.00, 1.00),
	(4234, 123, 83.40, 60.00),
	(4234, 125, 54.00, 180.00),
	(4235, 143, 44.40, 120.00),
	(4235, 131, 12.00, 100.00),
	(4235, 146, 27.60, 120.00),
	(4235, 132, 32.40, 120.00),
	(4235, 154, 189.00, 180.00),
	(4235, 157, 3.00, 150.00),
	(4235, 155, 232.00, 200.00),
	(4236, 2, 129.00, 150.00),
	(4236, 7, 24.60, 60.00),
	(4236, 12, 19.20, 60.00),
	(4236, 31, 102.00, 2.00),
	(4236, 41, 1.00, 100.00),
	(4236, 33, 174.00, 150.00),
	(4237, 66, 106.00, 200.00),
	(4237, 43, 97.20, 90.00),
	(4238, 73, 230.00, 200.00),
	(4238, 77, 24.60, 60.00),
	(4238, 106, 178.50, 150.00),
	(4238, 118, 0.90, 90.00),
	(4238, 107, 51.00, 1.00),
	(4238, 108, 178.20, 180.00),
	(4238, 114, 123.60, 120.00),
	(4239, 121, 86.40, 80.00),
	(4239, 123, 139.00, 100.00),
	(4240, 145, 73.80, 180.00),
	(4240, 136, 18.90, 90.00),
	(4240, 141, 15.20, 80.00),
	(4240, 143, 44.40, 120.00),
	(4240, 144, 66.00, 200.00),
	(4240, 131, 24.00, 200.00),
	(4240, 154, 157.50, 150.00),
	(4240, 157, 1.80, 90.00),
	(4240, 126, 54.00, 100.00),
	(4240, 155, 92.80, 80.00),
	(4241, 5, 138.00, 2.00),
	(4241, 28, 66.00, 100.00),
	(4241, 31, 51.00, 1.00),
	(4241, 38, 79.20, 180.00),
	(4241, 34, 115.20, 180.00),
	(4242, 45, 66.60, 180.00),
	(4242, 68, 111.20, 80.00),
	(4242, 70, 45.00, 150.00),
	(4243, 75, 69.00, 100.00),
	(4243, 77, 73.80, 180.00),
	(4243, 89, 61.50, 150.00),
	(4243, 94, 37.00, 100.00),
	(4243, 100, 136.00, 200.00),
	(4243, 116, 3.60, 180.00),
	(4243, 96, 262.00, 200.00),
	(4243, 107, 51.00, 1.00),
	(4243, 113, 111.60, 180.00),
	(4244, 121, 129.60, 120.00),
	(4244, 125, 60.00, 200.00),
	(4245, 144, 66.00, 200.00),
	(4245, 136, 16.80, 80.00),
	(4245, 140, 48.00, 120.00),
	(4245, 131, 21.60, 180.00),
	(4245, 146, 46.00, 200.00),
	(4245, 153, 238.00, 200.00),
	(4245, 159, 0.80, 80.00),
	(4245, 126, 54.00, 100.00),
	(4245, 156, 55.80, 90.00),
	(4246, 1, 64.80, 120.00),
	(4246, 25, 36.00, 100.00),
	(4246, 15, 40.50, 150.00),
	(4246, 31, 51.00, 1.00),
	(4246, 38, 35.20, 80.00),
	(4246, 33, 104.40, 90.00),
	(4246, 34, 96.00, 150.00),
	(4247, 64, 23.40, 90.00),
	(4247, 43, 194.40, 180.00),
	(4248, 73, 172.50, 150.00),
	(4248, 87, 42.00, 200.00),
	(4248, 92, 15.20, 80.00),
	(4248, 90, 28.00, 200.00),
	(4248, 91, 72.00, 180.00),
	(4248, 95, 19.80, 60.00),
	(4248, 99, 188.00, 200.00),
	(4248, 120, 42.00, 120.00),
	(4248, 108, 198.00, 200.00),
	(4249, 121, 129.60, 120.00),
	(4249, 122, 102.00, 2.00),
	(4250, 133, 28.80, 180.00),
	(4250, 136, 18.90, 90.00),
	(4250, 141, 38.00, 200.00),
	(4250, 135, 22.00, 200.00),
	(4250, 142, 30.00, 200.00),
	(4250, 153, 178.50, 150.00),
	(4250, 161, 27.00, 90.00),
	(4250, 127, 115.00, 100.00),
	(4250, 155, 104.40, 90.00),
	(4251, 2, 129.00, 150.00),
	(4251, 14, 20.80, 80.00),
	(4251, 22, 36.00, 150.00),
	(4251, 31, 51.00, 1.00),
	(4251, 42, 2.00, 200.00),
	(4251, 33, 69.60, 60.00),
	(4251, 34, 128.00, 200.00),
	(4252, 54, 98.40, 120.00),
	(4252, 43, 64.80, 60.00),
	(4252, 71, 35.20, 80.00),
	(4253, 76, 92.00, 80.00),
	(4253, 90, 12.60, 90.00),
	(4253, 77, 41.00, 100.00),
	(4253, 95, 33.00, 100.00),
	(4253, 103, 181.50, 150.00),
	(4253, 116, 1.60, 80.00),
	(4253, 96, 262.00, 200.00),
	(4253, 107, 51.00, 1.00),
	(4253, 112, 139.20, 120.00),
	(4254, 122, 51.00, 1.00),
	(4254, 123, 139.00, 100.00),
	(4254, 125, 36.00, 120.00),
	(4255, 141, 17.10, 90.00),
	(4255, 148, 232.00, 200.00),
	(4255, 158, 0.80, 80.00),
	(4255, 128, 206.00, 200.00),
	(4255, 156, 93.00, 150.00),
	(4256, 5, 138.00, 2.00),
	(4256, 12, 28.80, 90.00),
	(4256, 13, 44.80, 80.00),
	(4256, 31, 51.00, 1.00),
	(4256, 41, 2.00, 200.00),
	(4256, 33, 174.00, 150.00),
	(4256, 35, 29.60, 80.00),
	(4257, 55, 51.20, 80.00),
	(4257, 68, 125.10, 90.00),
	(4257, 70, 24.00, 80.00),
	(4258, 72, 81.00, 90.00),
	(4258, 84, 16.00, 100.00),
	(4258, 82, 21.60, 180.00),
	(4258, 91, 36.00, 90.00),
	(4258, 89, 82.00, 200.00),
	(4258, 93, 22.50, 150.00),
	(4258, 92, 11.40, 60.00),
	(4258, 101, 208.80, 180.00),
	(4258, 119, 0.90, 90.00),
	(4258, 96, 117.90, 90.00),
	(4258, 107, 102.00, 2.00),
	(4258, 109, 81.60, 80.00),
	(4259, 121, 86.40, 80.00),
	(4259, 123, 111.20, 80.00),
	(4259, 124, 31.50, 90.00),
	(4260, 142, 15.00, 100.00),
	(4260, 141, 17.10, 90.00),
	(4260, 135, 13.20, 120.00),
	(4260, 140, 80.00, 200.00),
	(4260, 138, 41.00, 100.00),
	(4260, 151, 102.00, 120.00),
	(4260, 160, 1.50, 150.00),
	(4260, 128, 206.00, 200.00),
	(4260, 155, 104.40, 90.00),
	(4261, 2, 68.80, 80.00),
	(4261, 14, 46.80, 180.00),
	(4261, 17, 22.20, 60.00),
	(4261, 31, 51.00, 1.00),
	(4261, 40, 1.60, 80.00),
	(4261, 36, 250.20, 180.00),
	(4262, 55, 96.00, 150.00),
	(4262, 68, 111.20, 80.00),
	(4263, 74, 103.00, 100.00),
	(4263, 85, 11.40, 60.00),
	(4263, 88, 72.00, 180.00),
	(4263, 92, 28.50, 150.00),
	(4263, 103, 242.00, 200.00),
	(4263, 116, 1.80, 90.00),
	(4263, 96, 235.80, 180.00),
	(4263, 107, 102.00, 2.00),
	(4264, 122, 51.00, 1.00),
	(4264, 123, 83.40, 60.00),
	(4264, 125, 54.00, 180.00),
	(4265, 143, 44.40, 120.00),
	(4265, 131, 12.00, 100.00),
	(4265, 146, 27.60, 120.00),
	(4265, 132, 32.40, 120.00),
	(4265, 154, 189.00, 180.00),
	(4265, 157, 3.00, 150.00),
	(4265, 155, 232.00, 200.00),
	(4266, 2, 129.00, 150.00),
	(4266, 7, 24.60, 60.00),
	(4266, 12, 19.20, 60.00),
	(4266, 31, 102.00, 2.00),
	(4266, 41, 1.00, 100.00),
	(4266, 33, 174.00, 150.00),
	(4267, 66, 106.00, 200.00),
	(4267, 43, 97.20, 90.00),
	(4268, 73, 230.00, 200.00),
	(4268, 77, 24.60, 60.00),
	(4268, 106, 178.50, 150.00),
	(4268, 118, 0.90, 90.00),
	(4268, 107, 51.00, 1.00),
	(4268, 108, 178.20, 180.00),
	(4268, 114, 123.60, 120.00),
	(4269, 121, 86.40, 80.00),
	(4269, 123, 139.00, 100.00),
	(4270, 145, 73.80, 180.00),
	(4270, 136, 18.90, 90.00),
	(4270, 141, 15.20, 80.00),
	(4270, 143, 44.40, 120.00),
	(4270, 144, 66.00, 200.00),
	(4270, 131, 24.00, 200.00),
	(4270, 154, 157.50, 150.00),
	(4270, 157, 1.80, 90.00),
	(4270, 126, 54.00, 100.00),
	(4270, 155, 92.80, 80.00),
	(4271, 2, 172.00, 200.00),
	(4271, 18, 45.60, 120.00),
	(4271, 31, 51.00, 1.00),
	(4271, 39, 3.60, 180.00),
	(4271, 33, 232.00, 200.00),
	(4272, 44, 68.40, 180.00),
	(4272, 43, 108.00, 100.00),
	(4272, 69, 52.50, 150.00),
	(4273, 72, 135.00, 150.00),
	(4273, 90, 28.00, 200.00),
	(4273, 81, 23.00, 100.00),
	(4273, 91, 72.00, 180.00),
	(4273, 86, 6.60, 60.00),
	(4273, 104, 170.00, 200.00),
	(4273, 116, 2.40, 120.00),
	(4273, 96, 235.80, 180.00),
	(4273, 107, 102.00, 2.00),
	(4273, 108, 198.00, 200.00),
	(4274, 121, 86.40, 80.00),
	(4274, 123, 111.20, 80.00),
	(4274, 125, 60.00, 200.00),
	(4275, 138, 61.50, 150.00),
	(4275, 143, 37.00, 100.00),
	(4275, 149, 276.00, 200.00),
	(4275, 159, 1.00, 100.00),
	(4275, 155, 232.00, 200.00),
	(4276, 5, 138.00, 2.00),
	(4276, 22, 43.20, 180.00),
	(4276, 31, 102.00, 2.00),
	(4276, 38, 88.00, 200.00),
	(4276, 33, 104.40, 90.00),
	(4277, 52, 43.20, 80.00),
	(4277, 68, 139.00, 100.00),
	(4277, 69, 52.50, 150.00),
	(4278, 73, 230.00, 200.00),
	(4278, 83, 48.60, 180.00),
	(4278, 82, 7.20, 60.00),
	(4278, 90, 25.20, 180.00),
	(4278, 98, 157.50, 150.00),
	(4278, 118, 0.80, 80.00),
	(4278, 96, 262.00, 200.00),
	(4278, 111, 82.40, 80.00),
	(4278, 112, 92.80, 80.00),
	(4279, 121, 129.60, 120.00),
	(4279, 122, 102.00, 2.00),
	(4280, 134, 15.20, 80.00),
	(4280, 138, 41.00, 100.00),
	(4280, 136, 16.80, 80.00),
	(4280, 146, 41.40, 180.00),
	(4280, 153, 178.50, 150.00),
	(4280, 159, 1.50, 150.00),
	(4280, 128, 206.00, 200.00),
	(4280, 156, 111.60, 180.00),
	(4281, 1, 81.00, 150.00),
	(4281, 7, 82.00, 200.00),
	(4281, 31, 102.00, 2.00),
	(4281, 41, 0.90, 90.00),
	(4281, 33, 92.80, 80.00),
	(4281, 34, 115.20, 180.00),
	(4282, 45, 29.60, 80.00),
	(4282, 43, 108.00, 100.00),
	(4282, 68, 83.40, 60.00),
	(4283, 74, 206.00, 200.00),
	(4283, 92, 15.20, 80.00),
	(4283, 94, 74.00, 200.00),
	(4283, 93, 9.00, 60.00),
	(4283, 77, 82.00, 200.00),
	(4283, 82, 21.60, 180.00),
	(4283, 90, 28.00, 200.00),
	(4283, 102, 165.60, 120.00),
	(4283, 118, 0.80, 80.00),
	(4283, 107, 102.00, 2.00),
	(4283, 111, 92.70, 90.00),
	(4283, 115, 116.40, 120.00),
	(4284, 122, 102.00, 2.00),
	(4284, 123, 125.10, 90.00),
	(4285, 140, 40.00, 100.00),
	(4285, 137, 72.00, 180.00),
	(4285, 141, 19.00, 100.00),
	(4285, 132, 16.20, 60.00),
	(4285, 145, 82.00, 200.00),
	(4285, 152, 129.60, 120.00),
	(4285, 162, 4.00, 200.00),
	(4285, 127, 69.00, 60.00),
	(4285, 155, 208.80, 180.00),
	(4286, 1, 64.80, 120.00),
	(4286, 25, 54.00, 150.00),
	(4286, 12, 28.80, 90.00),
	(4286, 31, 51.00, 1.00),
	(4286, 37, 0.90, 90.00),
	(4286, 33, 69.60, 60.00),
	(4286, 36, 208.50, 150.00),
	(4287, 49, 120.00, 200.00),
	(4287, 43, 108.00, 100.00),
	(4288, 75, 62.10, 90.00),
	(4288, 91, 36.00, 90.00),
	(4288, 80, 56.00, 200.00),
	(4288, 88, 48.00, 120.00),
	(4288, 87, 18.90, 90.00),
	(4288, 82, 7.20, 60.00),
	(4288, 106, 178.50, 150.00),
	(4288, 120, 28.00, 80.00),
	(4288, 96, 157.20, 120.00),
	(4288, 107, 102.00, 2.00),
	(4288, 111, 206.00, 200.00),
	(4289, 121, 97.20, 90.00),
	(4289, 123, 125.10, 90.00),
	(4290, 131, 24.00, 200.00),
	(4290, 145, 36.90, 90.00),
	(4290, 138, 36.90, 90.00),
	(4290, 141, 38.00, 200.00),
	(4290, 149, 276.00, 200.00),
	(4290, 161, 30.00, 100.00),
	(4290, 155, 174.00, 150.00),
	(4291, 5, 138.00, 2.00),
	(4291, 20, 124.50, 150.00),
	(4291, 31, 51.00, 1.00),
	(4291, 42, 2.00, 200.00),
	(4291, 33, 116.00, 100.00),
	(4291, 34, 64.00, 100.00),
	(4292, 60, 48.00, 120.00),
	(4292, 43, 97.20, 90.00),
	(4292, 68, 83.40, 60.00),
	(4293, 73, 230.00, 200.00),
	(4293, 93, 13.50, 90.00),
	(4293, 95, 66.00, 200.00),
	(4293, 104, 102.00, 120.00),
	(4293, 119, 2.00, 200.00),
	(4293, 96, 196.50, 150.00),
	(4293, 107, 102.00, 2.00),
	(4293, 109, 122.40, 120.00),
	(4293, 113, 111.60, 180.00),
	(4294, 121, 64.80, 60.00),
	(4294, 123, 166.80, 120.00),
	(4295, 134, 11.40, 60.00),
	(4295, 145, 61.50, 150.00),
	(4295, 131, 10.80, 90.00),
	(4295, 133, 14.40, 90.00),
	(4295, 148, 232.00, 200.00),
	(4295, 160, 0.80, 80.00),
	(4295, 127, 207.00, 180.00),
	(4295, 155, 92.80, 80.00),
	(4296, 1, 54.00, 100.00),
	(4296, 28, 66.00, 100.00),
	(4296, 17, 44.40, 120.00),
	(4296, 31, 102.00, 2.00),
	(4296, 40, 2.00, 100.00),
	(4296, 33, 232.00, 200.00),
	(4297, 55, 76.80, 120.00),
	(4297, 68, 83.40, 60.00),
	(4297, 69, 63.00, 180.00),
	(4298, 73, 115.00, 100.00),
	(4298, 80, 33.60, 120.00),
	(4298, 81, 46.00, 200.00),
	(4298, 90, 25.20, 180.00),
	(4298, 101, 174.00, 150.00),
	(4298, 120, 52.50, 150.00),
	(4298, 96, 196.50, 150.00),
	(4298, 108, 198.00, 200.00),
	(4298, 115, 174.60, 180.00),
	(4299, 122, 51.00, 1.00),
	(4299, 123, 125.10, 90.00),
	(4299, 125, 60.00, 200.00),
	(4300, 133, 32.00, 200.00),
	(4300, 132, 21.60, 80.00),
	(4300, 134, 15.20, 80.00),
	(4300, 129, 33.60, 120.00),
	(4300, 154, 126.00, 120.00),
	(4300, 162, 4.00, 200.00),
	(4300, 128, 154.50, 150.00),
	(4300, 155, 232.00, 200.00),
	(4301, 2, 172.00, 200.00),
	(4301, 18, 45.60, 120.00),
	(4301, 31, 51.00, 1.00),
	(4301, 39, 3.60, 180.00),
	(4301, 33, 232.00, 200.00),
	(4302, 44, 68.40, 180.00),
	(4302, 43, 108.00, 100.00),
	(4302, 69, 52.50, 150.00),
	(4303, 72, 135.00, 150.00),
	(4303, 90, 28.00, 200.00),
	(4303, 81, 23.00, 100.00),
	(4303, 91, 72.00, 180.00),
	(4303, 86, 6.60, 60.00),
	(4303, 104, 170.00, 200.00),
	(4303, 116, 2.40, 120.00),
	(4303, 96, 235.80, 180.00),
	(4303, 107, 102.00, 2.00),
	(4303, 108, 198.00, 200.00),
	(4304, 121, 86.40, 80.00),
	(4304, 123, 111.20, 80.00),
	(4304, 125, 60.00, 200.00),
	(4305, 138, 61.50, 150.00),
	(4305, 143, 37.00, 100.00),
	(4305, 149, 276.00, 200.00),
	(4305, 159, 1.00, 100.00),
	(4305, 155, 232.00, 200.00),
	(4306, 5, 138.00, 2.00),
	(4306, 22, 43.20, 180.00),
	(4306, 31, 102.00, 2.00),
	(4306, 38, 88.00, 200.00),
	(4306, 33, 104.40, 90.00),
	(4307, 52, 43.20, 80.00),
	(4307, 68, 139.00, 100.00),
	(4307, 69, 52.50, 150.00),
	(4308, 73, 230.00, 200.00),
	(4308, 83, 48.60, 180.00),
	(4308, 82, 7.20, 60.00),
	(4308, 90, 25.20, 180.00),
	(4308, 98, 157.50, 150.00),
	(4308, 118, 0.80, 80.00),
	(4308, 96, 262.00, 200.00),
	(4308, 111, 82.40, 80.00),
	(4308, 112, 92.80, 80.00),
	(4309, 121, 129.60, 120.00),
	(4309, 122, 102.00, 2.00),
	(4310, 134, 15.20, 80.00),
	(4310, 138, 41.00, 100.00),
	(4310, 136, 16.80, 80.00),
	(4310, 146, 41.40, 180.00),
	(4310, 153, 178.50, 150.00),
	(4310, 159, 1.50, 150.00),
	(4310, 128, 206.00, 200.00),
	(4310, 156, 111.60, 180.00),
	(4311, 1, 81.00, 150.00),
	(4311, 7, 82.00, 200.00),
	(4311, 31, 102.00, 2.00),
	(4311, 41, 0.90, 90.00),
	(4311, 33, 92.80, 80.00),
	(4311, 34, 115.20, 180.00),
	(4312, 45, 29.60, 80.00),
	(4312, 43, 108.00, 100.00),
	(4312, 68, 83.40, 60.00),
	(4313, 74, 206.00, 200.00),
	(4313, 92, 15.20, 80.00),
	(4313, 94, 74.00, 200.00),
	(4313, 93, 9.00, 60.00),
	(4313, 77, 82.00, 200.00),
	(4313, 82, 21.60, 180.00),
	(4313, 90, 28.00, 200.00),
	(4313, 102, 165.60, 120.00),
	(4313, 118, 0.80, 80.00),
	(4313, 107, 102.00, 2.00),
	(4313, 111, 92.70, 90.00),
	(4313, 115, 116.40, 120.00),
	(4314, 122, 102.00, 2.00),
	(4314, 123, 125.10, 90.00),
	(4315, 140, 40.00, 100.00),
	(4315, 137, 72.00, 180.00),
	(4315, 141, 19.00, 100.00),
	(4315, 132, 16.20, 60.00),
	(4315, 145, 82.00, 200.00),
	(4315, 152, 129.60, 120.00),
	(4315, 162, 4.00, 200.00),
	(4315, 127, 69.00, 60.00),
	(4315, 155, 208.80, 180.00),
	(4316, 1, 64.80, 120.00),
	(4316, 25, 54.00, 150.00),
	(4316, 12, 28.80, 90.00),
	(4316, 31, 51.00, 1.00),
	(4316, 37, 0.90, 90.00),
	(4316, 33, 69.60, 60.00),
	(4316, 36, 208.50, 150.00),
	(4317, 49, 120.00, 200.00),
	(4317, 43, 108.00, 100.00),
	(4318, 75, 62.10, 90.00),
	(4318, 91, 36.00, 90.00),
	(4318, 80, 56.00, 200.00),
	(4318, 88, 48.00, 120.00),
	(4318, 87, 18.90, 90.00),
	(4318, 82, 7.20, 60.00),
	(4318, 106, 178.50, 150.00),
	(4318, 120, 28.00, 80.00),
	(4318, 96, 157.20, 120.00),
	(4318, 107, 102.00, 2.00),
	(4318, 111, 206.00, 200.00),
	(4319, 121, 97.20, 90.00),
	(4319, 123, 125.10, 90.00),
	(4320, 131, 24.00, 200.00),
	(4320, 145, 36.90, 90.00),
	(4320, 138, 36.90, 90.00),
	(4320, 141, 38.00, 200.00),
	(4320, 149, 276.00, 200.00),
	(4320, 161, 30.00, 100.00),
	(4320, 155, 174.00, 150.00),
	(4321, 5, 138.00, 2.00),
	(4321, 20, 124.50, 150.00),
	(4321, 31, 51.00, 1.00),
	(4321, 42, 2.00, 200.00),
	(4321, 33, 116.00, 100.00),
	(4321, 34, 64.00, 100.00),
	(4322, 60, 48.00, 120.00),
	(4322, 43, 97.20, 90.00),
	(4322, 68, 83.40, 60.00),
	(4323, 73, 230.00, 200.00),
	(4323, 93, 13.50, 90.00),
	(4323, 95, 66.00, 200.00),
	(4323, 104, 102.00, 120.00),
	(4323, 119, 2.00, 200.00),
	(4323, 96, 196.50, 150.00),
	(4323, 107, 102.00, 2.00),
	(4323, 109, 122.40, 120.00),
	(4323, 113, 111.60, 180.00),
	(4324, 121, 64.80, 60.00),
	(4324, 123, 166.80, 120.00),
	(4325, 134, 11.40, 60.00),
	(4325, 145, 61.50, 150.00),
	(4325, 131, 10.80, 90.00),
	(4325, 133, 14.40, 90.00),
	(4325, 148, 232.00, 200.00),
	(4325, 160, 0.80, 80.00),
	(4325, 127, 207.00, 180.00),
	(4325, 155, 92.80, 80.00),
	(4326, 1, 54.00, 100.00),
	(4326, 28, 66.00, 100.00),
	(4326, 17, 44.40, 120.00),
	(4326, 31, 102.00, 2.00),
	(4326, 40, 2.00, 100.00),
	(4326, 33, 232.00, 200.00),
	(4327, 55, 76.80, 120.00),
	(4327, 68, 83.40, 60.00),
	(4327, 69, 63.00, 180.00),
	(4328, 73, 115.00, 100.00),
	(4328, 80, 33.60, 120.00),
	(4328, 81, 46.00, 200.00),
	(4328, 90, 25.20, 180.00),
	(4328, 101, 174.00, 150.00),
	(4328, 120, 52.50, 150.00),
	(4328, 96, 196.50, 150.00),
	(4328, 108, 198.00, 200.00),
	(4328, 115, 174.60, 180.00),
	(4329, 122, 51.00, 1.00),
	(4329, 123, 125.10, 90.00),
	(4329, 125, 60.00, 200.00),
	(4330, 133, 32.00, 200.00),
	(4330, 132, 21.60, 80.00),
	(4330, 134, 15.20, 80.00),
	(4330, 129, 33.60, 120.00),
	(4330, 154, 126.00, 120.00),
	(4330, 162, 4.00, 200.00),
	(4330, 128, 154.50, 150.00),
	(4330, 155, 232.00, 200.00),
	(4331, 2, 172.00, 200.00),
	(4331, 19, 52.50, 150.00),
	(4331, 31, 102.00, 2.00),
	(4331, 40, 3.00, 150.00),
	(4331, 33, 116.00, 100.00),
	(4332, 59, 61.50, 150.00),
	(4332, 68, 125.10, 90.00),
	(4332, 70, 36.00, 120.00),
	(4333, 74, 206.00, 200.00),
	(4333, 91, 60.00, 150.00),
	(4333, 94, 29.60, 80.00),
	(4333, 88, 40.00, 100.00),
	(4333, 86, 8.80, 80.00),
	(4333, 106, 178.50, 150.00),
	(4333, 118, 1.00, 100.00),
	(4333, 107, 102.00, 2.00),
	(4333, 111, 206.00, 200.00),
	(4334, 121, 86.40, 80.00),
	(4334, 123, 139.00, 100.00),
	(4335, 140, 40.00, 100.00),
	(4335, 131, 18.00, 150.00),
	(4335, 139, 16.80, 120.00),
	(4335, 145, 41.00, 100.00),
	(4335, 146, 23.00, 100.00),
	(4335, 148, 208.80, 180.00),
	(4335, 162, 2.40, 120.00),
	(4335, 155, 232.00, 200.00),
	(4336, 5, 69.00, 1.00),
	(4336, 23, 87.00, 100.00),
	(4336, 10, 78.60, 60.00),
	(4336, 31, 102.00, 2.00),
	(4336, 40, 1.80, 90.00),
	(4336, 36, 125.10, 90.00),
	(4337, 49, 48.00, 80.00),
	(4337, 43, 86.40, 80.00),
	(4337, 68, 83.40, 60.00),
	(4338, 73, 207.00, 180.00),
	(4338, 91, 32.00, 80.00),
	(4338, 81, 34.50, 150.00),
	(4338, 103, 145.20, 120.00),
	(4338, 120, 28.00, 80.00),
	(4338, 96, 157.20, 120.00),
	(4338, 108, 99.00, 100.00),
	(4338, 113, 124.00, 200.00),
	(4339, 121, 194.40, 180.00),
	(4339, 125, 30.00, 100.00),
	(4340, 137, 60.00, 150.00),
	(4340, 147, 52.00, 200.00),
	(4340, 152, 216.00, 200.00),
	(4340, 161, 30.00, 100.00),
	(4340, 128, 103.00, 100.00),
	(4340, 155, 116.00, 100.00),
	(4341, 4, 162.00, 150.00),
	(4341, 7, 32.80, 80.00),
	(4341, 28, 99.00, 150.00),
	(4341, 31, 102.00, 2.00),
	(4341, 42, 0.80, 80.00),
	(4341, 33, 69.60, 60.00),
	(4342, 60, 48.00, 120.00),
	(4342, 68, 125.10, 90.00),
	(4342, 69, 52.50, 150.00),
	(4343, 74, 185.40, 180.00),
	(4343, 93, 15.00, 100.00),
	(4343, 90, 28.00, 200.00),
	(4343, 89, 49.20, 120.00),
	(4343, 95, 26.40, 80.00),
	(4343, 94, 37.00, 100.00),
	(4343, 79, 31.20, 120.00),
	(4343, 99, 141.00, 150.00),
	(4343, 118, 1.20, 120.00),
	(4343, 96, 196.50, 150.00),
	(4343, 107, 51.00, 1.00),
	(4343, 110, 58.20, 60.00),
	(4344, 122, 102.00, 2.00),
	(4344, 123, 125.10, 90.00),
	(4345, 144, 26.40, 80.00),
	(4345, 147, 15.60, 60.00),
	(4345, 143, 66.60, 180.00),
	(4345, 151, 170.00, 200.00),
	(4345, 160, 1.50, 150.00),
	(4345, 127, 207.00, 180.00),
	(4345, 155, 104.40, 90.00),
	(4346, 5, 138.00, 2.00),
	(4346, 12, 57.60, 180.00),
	(4346, 28, 39.60, 60.00),
	(4346, 31, 102.00, 2.00),
	(4346, 40, 3.00, 150.00),
	(4346, 33, 92.80, 80.00),
	(4347, 57, 73.80, 180.00),
	(4347, 68, 125.10, 90.00),
	(4348, 73, 103.50, 90.00),
	(4348, 77, 32.80, 80.00),
	(4348, 88, 32.00, 80.00),
	(4348, 80, 42.00, 150.00),
	(4348, 85, 28.50, 150.00),
	(4348, 103, 181.50, 150.00),
	(4348, 118, 0.80, 80.00),
	(4348, 108, 198.00, 200.00),
	(4348, 115, 194.00, 200.00),
	(4349, 121, 97.20, 90.00),
	(4349, 122, 102.00, 2.00),
	(4350, 137, 48.00, 120.00),
	(4350, 152, 194.40, 180.00),
	(4350, 162, 4.00, 200.00),
	(4350, 128, 206.00, 200.00),
	(4350, 155, 116.00, 100.00),
	(4351, 5, 69.00, 1.00),
	(4351, 21, 72.00, 120.00),
	(4351, 31, 51.00, 1.00),
	(4351, 42, 1.50, 150.00),
	(4351, 33, 232.00, 200.00),
	(4351, 35, 33.30, 90.00),
	(4352, 59, 61.50, 150.00),
	(4352, 68, 139.00, 100.00),
	(4353, 76, 138.00, 120.00),
	(4353, 78, 46.00, 200.00),
	(4353, 93, 30.00, 200.00),
	(4353, 88, 60.00, 150.00),
	(4353, 79, 15.60, 60.00),
	(4353, 86, 13.20, 120.00),
	(4353, 106, 178.50, 150.00),
	(4353, 120, 31.50, 90.00),
	(4353, 107, 102.00, 2.00),
	(4353, 111, 103.00, 100.00),
	(4353, 112, 92.80, 80.00),
	(4354, 122, 102.00, 2.00),
	(4354, 123, 83.40, 60.00),
	(4354, 125, 24.00, 80.00),
	(4355, 139, 14.00, 100.00),
	(4355, 133, 9.60, 60.00),
	(4355, 131, 10.80, 90.00),
	(4355, 137, 80.00, 200.00),
	(4355, 149, 276.00, 200.00),
	(4355, 161, 60.00, 200.00),
	(4355, 155, 139.20, 120.00),
	(4356, 3, 103.50, 150.00),
	(4356, 8, 24.00, 60.00),
	(4356, 12, 38.40, 120.00),
	(4356, 31, 102.00, 2.00),
	(4356, 37, 0.90, 90.00),
	(4356, 33, 139.20, 120.00),
	(4356, 35, 29.60, 80.00),
	(4357, 63, 80.00, 100.00),
	(4357, 43, 129.60, 120.00),
	(4358, 73, 207.00, 180.00),
	(4358, 81, 18.40, 80.00),
	(4358, 95, 59.40, 180.00),
	(4358, 86, 6.60, 60.00),
	(4358, 106, 178.50, 150.00),
	(4358, 118, 1.20, 120.00),
	(4358, 96, 235.80, 180.00),
	(4358, 107, 51.00, 1.00),
	(4358, 110, 58.20, 60.00),
	(4359, 121, 64.80, 60.00),
	(4359, 122, 51.00, 1.00),
	(4359, 123, 111.20, 80.00),
	(4360, 139, 25.20, 180.00),
	(4360, 134, 17.10, 90.00),
	(4360, 133, 24.00, 150.00),
	(4360, 145, 49.20, 120.00),
	(4360, 141, 38.00, 200.00),
	(4360, 152, 194.40, 180.00),
	(4360, 157, 2.00, 100.00),
	(4360, 128, 103.00, 100.00),
	(4360, 156, 111.60, 180.00),
	(4361, 2, 172.00, 200.00),
	(4361, 19, 52.50, 150.00),
	(4361, 31, 102.00, 2.00),
	(4361, 40, 3.00, 150.00),
	(4361, 33, 116.00, 100.00),
	(4362, 59, 61.50, 150.00),
	(4362, 68, 125.10, 90.00),
	(4362, 70, 36.00, 120.00),
	(4363, 74, 206.00, 200.00),
	(4363, 91, 60.00, 150.00),
	(4363, 94, 29.60, 80.00),
	(4363, 88, 40.00, 100.00),
	(4363, 86, 8.80, 80.00),
	(4363, 106, 178.50, 150.00),
	(4363, 118, 1.00, 100.00),
	(4363, 107, 102.00, 2.00),
	(4363, 111, 206.00, 200.00),
	(4364, 121, 86.40, 80.00),
	(4364, 123, 139.00, 100.00),
	(4365, 140, 40.00, 100.00),
	(4365, 131, 18.00, 150.00),
	(4365, 139, 16.80, 120.00),
	(4365, 145, 41.00, 100.00),
	(4365, 146, 23.00, 100.00),
	(4365, 148, 208.80, 180.00),
	(4365, 162, 2.40, 120.00),
	(4365, 155, 232.00, 200.00),
	(4366, 5, 69.00, 1.00),
	(4366, 23, 87.00, 100.00),
	(4366, 10, 78.60, 60.00),
	(4366, 31, 102.00, 2.00),
	(4366, 40, 1.80, 90.00),
	(4366, 36, 125.10, 90.00),
	(4367, 49, 48.00, 80.00),
	(4367, 43, 86.40, 80.00),
	(4367, 68, 83.40, 60.00),
	(4368, 73, 207.00, 180.00),
	(4368, 91, 32.00, 80.00),
	(4368, 81, 34.50, 150.00),
	(4368, 103, 145.20, 120.00),
	(4368, 120, 28.00, 80.00),
	(4368, 96, 157.20, 120.00),
	(4368, 108, 99.00, 100.00),
	(4368, 113, 124.00, 200.00),
	(4369, 121, 194.40, 180.00),
	(4369, 125, 30.00, 100.00),
	(4370, 137, 60.00, 150.00),
	(4370, 147, 52.00, 200.00),
	(4370, 152, 216.00, 200.00),
	(4370, 161, 30.00, 100.00),
	(4370, 128, 103.00, 100.00),
	(4370, 155, 116.00, 100.00),
	(4371, 4, 162.00, 150.00),
	(4371, 7, 32.80, 80.00),
	(4371, 28, 99.00, 150.00),
	(4371, 31, 102.00, 2.00),
	(4371, 42, 0.80, 80.00),
	(4371, 33, 69.60, 60.00),
	(4372, 60, 48.00, 120.00),
	(4372, 68, 125.10, 90.00),
	(4372, 69, 52.50, 150.00),
	(4373, 74, 185.40, 180.00),
	(4373, 93, 15.00, 100.00),
	(4373, 90, 28.00, 200.00),
	(4373, 89, 49.20, 120.00),
	(4373, 95, 26.40, 80.00),
	(4373, 94, 37.00, 100.00),
	(4373, 79, 31.20, 120.00),
	(4373, 99, 141.00, 150.00),
	(4373, 118, 1.20, 120.00),
	(4373, 96, 196.50, 150.00),
	(4373, 107, 51.00, 1.00),
	(4373, 110, 58.20, 60.00),
	(4374, 122, 102.00, 2.00),
	(4374, 123, 125.10, 90.00),
	(4375, 144, 26.40, 80.00),
	(4375, 147, 15.60, 60.00),
	(4375, 143, 66.60, 180.00),
	(4375, 151, 170.00, 200.00),
	(4375, 160, 1.50, 150.00),
	(4375, 127, 207.00, 180.00),
	(4375, 155, 104.40, 90.00),
	(4376, 5, 138.00, 2.00),
	(4376, 12, 57.60, 180.00),
	(4376, 28, 39.60, 60.00),
	(4376, 31, 102.00, 2.00),
	(4376, 40, 3.00, 150.00),
	(4376, 33, 92.80, 80.00),
	(4377, 57, 73.80, 180.00),
	(4377, 68, 125.10, 90.00),
	(4378, 73, 103.50, 90.00),
	(4378, 77, 32.80, 80.00),
	(4378, 88, 32.00, 80.00),
	(4378, 80, 42.00, 150.00),
	(4378, 85, 28.50, 150.00),
	(4378, 103, 181.50, 150.00),
	(4378, 118, 0.80, 80.00),
	(4378, 108, 198.00, 200.00),
	(4378, 115, 194.00, 200.00),
	(4379, 121, 97.20, 90.00),
	(4379, 122, 102.00, 2.00),
	(4380, 137, 48.00, 120.00),
	(4380, 152, 194.40, 180.00),
	(4380, 162, 4.00, 200.00),
	(4380, 128, 206.00, 200.00),
	(4380, 155, 116.00, 100.00),
	(4381, 5, 69.00, 1.00),
	(4381, 21, 72.00, 120.00),
	(4381, 31, 51.00, 1.00),
	(4381, 42, 1.50, 150.00),
	(4381, 33, 232.00, 200.00),
	(4381, 35, 33.30, 90.00),
	(4382, 59, 61.50, 150.00),
	(4382, 68, 139.00, 100.00),
	(4383, 76, 138.00, 120.00),
	(4383, 78, 46.00, 200.00),
	(4383, 93, 30.00, 200.00),
	(4383, 88, 60.00, 150.00),
	(4383, 79, 15.60, 60.00),
	(4383, 86, 13.20, 120.00),
	(4383, 106, 178.50, 150.00),
	(4383, 120, 31.50, 90.00),
	(4383, 107, 102.00, 2.00),
	(4383, 111, 103.00, 100.00),
	(4383, 112, 92.80, 80.00),
	(4384, 122, 102.00, 2.00),
	(4384, 123, 83.40, 60.00),
	(4384, 125, 24.00, 80.00),
	(4385, 139, 14.00, 100.00),
	(4385, 133, 9.60, 60.00),
	(4385, 131, 10.80, 90.00),
	(4385, 137, 80.00, 200.00),
	(4385, 149, 276.00, 200.00),
	(4385, 161, 60.00, 200.00),
	(4385, 155, 139.20, 120.00),
	(4386, 3, 103.50, 150.00),
	(4386, 8, 24.00, 60.00),
	(4386, 12, 38.40, 120.00),
	(4386, 31, 102.00, 2.00),
	(4386, 37, 0.90, 90.00),
	(4386, 33, 139.20, 120.00),
	(4386, 35, 29.60, 80.00),
	(4387, 63, 80.00, 100.00),
	(4387, 43, 129.60, 120.00),
	(4388, 73, 207.00, 180.00),
	(4388, 81, 18.40, 80.00),
	(4388, 95, 59.40, 180.00),
	(4388, 86, 6.60, 60.00),
	(4388, 106, 178.50, 150.00),
	(4388, 118, 1.20, 120.00),
	(4388, 96, 235.80, 180.00),
	(4388, 107, 51.00, 1.00),
	(4388, 110, 58.20, 60.00),
	(4389, 121, 64.80, 60.00),
	(4389, 122, 51.00, 1.00),
	(4389, 123, 111.20, 80.00),
	(4390, 139, 25.20, 180.00),
	(4390, 134, 17.10, 90.00),
	(4390, 133, 24.00, 150.00),
	(4390, 145, 49.20, 120.00),
	(4390, 141, 38.00, 200.00),
	(4390, 152, 194.40, 180.00),
	(4390, 157, 2.00, 100.00),
	(4390, 128, 103.00, 100.00),
	(4390, 156, 111.60, 180.00),
	(4391, 3, 82.80, 120.00),
	(4391, 14, 15.60, 60.00),
	(4391, 6, 40.20, 60.00),
	(4391, 31, 102.00, 2.00),
	(4391, 40, 4.00, 200.00),
	(4391, 36, 250.20, 180.00),
	(4392, 49, 72.00, 120.00),
	(4392, 43, 64.80, 60.00),
	(4392, 71, 66.00, 150.00),
	(4393, 72, 108.00, 120.00),
	(4393, 86, 9.90, 90.00),
	(4393, 78, 41.40, 180.00),
	(4393, 88, 72.00, 180.00),
	(4393, 87, 31.50, 150.00),
	(4393, 105, 194.40, 180.00),
	(4393, 118, 0.90, 90.00),
	(4393, 96, 235.80, 180.00),
	(4393, 107, 102.00, 2.00),
	(4393, 110, 58.20, 60.00),
	(4394, 122, 102.00, 2.00),
	(4394, 123, 111.20, 80.00),
	(4395, 138, 36.90, 90.00),
	(4395, 132, 27.00, 100.00),
	(4395, 130, 46.00, 200.00),
	(4395, 144, 59.40, 180.00),
	(4395, 129, 42.00, 150.00),
	(4395, 153, 214.20, 180.00),
	(4395, 158, 0.80, 80.00),
	(4395, 127, 172.50, 150.00),
	(4396, 4, 64.80, 60.00),
	(4396, 15, 24.30, 90.00),
	(4396, 32, 354.00, 1.00),
	(4396, 31, 51.00, 1.00),
	(4396, 41, 0.90, 90.00),
	(4397, 54, 65.60, 80.00),
	(4397, 68, 139.00, 100.00),
	(4398, 76, 138.00, 120.00),
	(4398, 95, 59.40, 180.00),
	(4398, 99, 169.20, 180.00),
	(4398, 120, 42.00, 120.00),
	(4398, 96, 196.50, 150.00),
	(4398, 107, 51.00, 1.00),
	(4398, 109, 122.40, 120.00),
	(4398, 112, 69.60, 60.00),
	(4399, 121, 97.20, 90.00),
	(4399, 123, 83.40, 60.00),
	(4399, 124, 42.00, 120.00),
	(4400, 144, 49.50, 150.00),
	(4400, 132, 24.30, 90.00),
	(4400, 151, 170.00, 200.00),
	(4400, 157, 3.00, 150.00),
	(4400, 128, 123.60, 120.00),
	(4400, 155, 232.00, 200.00),
	(4401, 2, 103.20, 120.00),
	(4401, 25, 32.40, 90.00),
	(4401, 31, 51.00, 1.00),
	(4401, 42, 1.20, 120.00),
	(4401, 36, 278.00, 200.00),
	(4402, 60, 60.00, 150.00),
	(4402, 43, 129.60, 120.00),
	(4402, 70, 45.00, 150.00),
	(4403, 76, 207.00, 180.00),
	(4403, 83, 24.30, 90.00),
	(4403, 87, 18.90, 90.00),
	(4403, 99, 188.00, 200.00),
	(4403, 116, 2.40, 120.00),
	(4403, 96, 235.80, 180.00),
	(4403, 107, 51.00, 1.00),
	(4403, 110, 116.40, 120.00),
	(4404, 123, 166.80, 120.00),
	(4404, 124, 63.00, 180.00),
	(4405, 147, 46.80, 180.00),
	(4405, 140, 24.00, 60.00),
	(4405, 145, 32.80, 80.00),
	(4405, 137, 60.00, 150.00),
	(4405, 150, 217.80, 180.00),
	(4405, 162, 1.60, 80.00),
	(4405, 128, 206.00, 200.00),
	(4406, 2, 68.80, 80.00),
	(4406, 23, 69.60, 80.00),
	(4406, 9, 122.40, 180.00),
	(4406, 31, 51.00, 1.00),
	(4406, 41, 1.20, 120.00),
	(4406, 33, 69.60, 60.00),
	(4406, 34, 96.00, 150.00),
	(4407, 67, 40.50, 150.00),
	(4407, 43, 64.80, 60.00),
	(4407, 68, 111.20, 80.00),
	(4408, 74, 185.40, 180.00),
	(4408, 93, 9.00, 60.00),
	(4408, 82, 9.60, 80.00),
	(4408, 84, 24.00, 150.00),
	(4408, 97, 157.50, 150.00),
	(4408, 117, 1.80, 180.00),
	(4408, 96, 131.00, 100.00),
	(4408, 111, 185.40, 180.00),
	(4408, 115, 174.60, 180.00),
	(4409, 121, 129.60, 120.00),
	(4409, 122, 102.00, 2.00),
	(4410, 138, 82.00, 200.00),
	(4410, 147, 31.20, 120.00),
	(4410, 149, 276.00, 200.00),
	(4410, 161, 27.00, 90.00),
	(4410, 128, 185.40, 180.00),
	(4411, 5, 69.00, 1.00),
	(4411, 6, 80.40, 120.00),
	(4411, 19, 21.00, 60.00),
	(4411, 31, 51.00, 1.00),
	(4411, 41, 1.80, 180.00),
	(4411, 33, 174.00, 150.00),
	(4411, 34, 64.00, 100.00),
	(4412, 55, 38.40, 60.00),
	(4412, 43, 129.60, 120.00),
	(4412, 69, 35.00, 100.00),
	(4413, 73, 207.00, 180.00),
	(4413, 86, 22.00, 200.00),
	(4413, 91, 32.00, 80.00),
	(4413, 94, 29.60, 80.00),
	(4413, 105, 216.00, 200.00),
	(4413, 117, 0.90, 90.00),
	(4413, 96, 131.00, 100.00),
	(4413, 107, 51.00, 1.00),
	(4413, 112, 174.00, 150.00),
	(4414, 121, 64.80, 60.00),
	(4414, 122, 102.00, 2.00),
	(4414, 123, 83.40, 60.00),
	(4415, 144, 66.00, 200.00),
	(4415, 143, 44.40, 120.00),
	(4415, 142, 13.50, 90.00),
	(4415, 137, 72.00, 180.00),
	(4415, 152, 129.60, 120.00),
	(4415, 160, 0.90, 90.00),
	(4415, 127, 172.50, 150.00),
	(4415, 155, 116.00, 100.00),
	(4416, 3, 55.20, 80.00),
	(4416, 24, 81.00, 150.00),
	(4416, 31, 51.00, 1.00),
	(4416, 37, 0.90, 90.00),
	(4416, 33, 232.00, 200.00),
	(4416, 35, 37.00, 100.00),
	(4417, 55, 57.60, 90.00),
	(4417, 43, 194.40, 180.00),
	(4418, 72, 54.00, 60.00),
	(4418, 87, 42.00, 200.00),
	(4418, 98, 210.00, 200.00),
	(4418, 116, 2.40, 120.00),
	(4418, 96, 78.60, 60.00),
	(4418, 107, 102.00, 2.00),
	(4418, 109, 183.60, 180.00),
	(4418, 112, 174.00, 150.00),
	(4419, 123, 139.00, 100.00),
	(4419, 124, 70.00, 200.00),
	(4420, 146, 34.50, 150.00),
	(4420, 147, 26.00, 100.00),
	(4420, 129, 33.60, 120.00),
	(4420, 137, 80.00, 200.00),
	(4420, 144, 39.60, 120.00),
	(4420, 152, 129.60, 120.00),
	(4420, 161, 36.00, 120.00),
	(4420, 155, 208.80, 180.00),
	(4421, 3, 82.80, 120.00),
	(4421, 14, 15.60, 60.00),
	(4421, 6, 40.20, 60.00),
	(4421, 31, 102.00, 2.00),
	(4421, 40, 4.00, 200.00),
	(4421, 36, 250.20, 180.00),
	(4422, 49, 72.00, 120.00),
	(4422, 43, 64.80, 60.00),
	(4422, 71, 66.00, 150.00),
	(4423, 72, 108.00, 120.00),
	(4423, 86, 9.90, 90.00),
	(4423, 78, 41.40, 180.00),
	(4423, 88, 72.00, 180.00),
	(4423, 87, 31.50, 150.00),
	(4423, 105, 194.40, 180.00),
	(4423, 118, 0.90, 90.00),
	(4423, 96, 235.80, 180.00),
	(4423, 107, 102.00, 2.00),
	(4423, 110, 58.20, 60.00),
	(4424, 122, 102.00, 2.00),
	(4424, 123, 111.20, 80.00),
	(4425, 138, 36.90, 90.00),
	(4425, 132, 27.00, 100.00),
	(4425, 130, 46.00, 200.00),
	(4425, 144, 59.40, 180.00),
	(4425, 129, 42.00, 150.00),
	(4425, 153, 214.20, 180.00),
	(4425, 158, 0.80, 80.00),
	(4425, 127, 172.50, 150.00),
	(4426, 4, 64.80, 60.00),
	(4426, 15, 24.30, 90.00),
	(4426, 32, 354.00, 1.00),
	(4426, 31, 51.00, 1.00),
	(4426, 41, 0.90, 90.00),
	(4427, 54, 65.60, 80.00),
	(4427, 68, 139.00, 100.00),
	(4428, 76, 138.00, 120.00),
	(4428, 95, 59.40, 180.00),
	(4428, 99, 169.20, 180.00),
	(4428, 120, 42.00, 120.00),
	(4428, 96, 196.50, 150.00),
	(4428, 107, 51.00, 1.00),
	(4428, 109, 122.40, 120.00),
	(4428, 112, 69.60, 60.00),
	(4429, 121, 97.20, 90.00),
	(4429, 123, 83.40, 60.00),
	(4429, 124, 42.00, 120.00),
	(4430, 144, 49.50, 150.00),
	(4430, 132, 24.30, 90.00),
	(4430, 151, 170.00, 200.00),
	(4430, 157, 3.00, 150.00),
	(4430, 128, 123.60, 120.00),
	(4430, 155, 232.00, 200.00),
	(4431, 2, 103.20, 120.00),
	(4431, 25, 32.40, 90.00),
	(4431, 31, 51.00, 1.00),
	(4431, 42, 1.20, 120.00),
	(4431, 36, 278.00, 200.00),
	(4432, 60, 60.00, 150.00),
	(4432, 43, 129.60, 120.00),
	(4432, 70, 45.00, 150.00),
	(4433, 76, 207.00, 180.00),
	(4433, 83, 24.30, 90.00),
	(4433, 87, 18.90, 90.00),
	(4433, 99, 188.00, 200.00),
	(4433, 116, 2.40, 120.00),
	(4433, 96, 235.80, 180.00),
	(4433, 107, 51.00, 1.00),
	(4433, 110, 116.40, 120.00),
	(4434, 123, 166.80, 120.00),
	(4434, 124, 63.00, 180.00),
	(4435, 147, 46.80, 180.00),
	(4435, 140, 24.00, 60.00),
	(4435, 145, 32.80, 80.00),
	(4435, 137, 60.00, 150.00),
	(4435, 150, 217.80, 180.00),
	(4435, 162, 1.60, 80.00),
	(4435, 128, 206.00, 200.00),
	(4436, 2, 68.80, 80.00),
	(4436, 23, 69.60, 80.00),
	(4436, 9, 122.40, 180.00),
	(4436, 31, 51.00, 1.00),
	(4436, 41, 1.20, 120.00),
	(4436, 33, 69.60, 60.00),
	(4436, 34, 96.00, 150.00),
	(4437, 67, 40.50, 150.00),
	(4437, 43, 64.80, 60.00),
	(4437, 68, 111.20, 80.00),
	(4438, 74, 185.40, 180.00),
	(4438, 93, 9.00, 60.00),
	(4438, 82, 9.60, 80.00),
	(4438, 84, 24.00, 150.00),
	(4438, 97, 157.50, 150.00),
	(4438, 117, 1.80, 180.00),
	(4438, 96, 131.00, 100.00),
	(4438, 111, 185.40, 180.00),
	(4438, 115, 174.60, 180.00),
	(4439, 121, 129.60, 120.00),
	(4439, 122, 102.00, 2.00),
	(4440, 138, 82.00, 200.00),
	(4440, 147, 31.20, 120.00),
	(4440, 149, 276.00, 200.00),
	(4440, 161, 27.00, 90.00),
	(4440, 128, 185.40, 180.00),
	(4441, 5, 69.00, 1.00),
	(4441, 6, 80.40, 120.00),
	(4441, 19, 21.00, 60.00),
	(4441, 31, 51.00, 1.00),
	(4441, 41, 1.80, 180.00),
	(4441, 33, 174.00, 150.00),
	(4441, 34, 64.00, 100.00),
	(4442, 55, 38.40, 60.00),
	(4442, 43, 129.60, 120.00),
	(4442, 69, 35.00, 100.00),
	(4443, 73, 207.00, 180.00),
	(4443, 86, 22.00, 200.00),
	(4443, 91, 32.00, 80.00),
	(4443, 94, 29.60, 80.00),
	(4443, 105, 216.00, 200.00),
	(4443, 117, 0.90, 90.00),
	(4443, 96, 131.00, 100.00),
	(4443, 107, 51.00, 1.00),
	(4443, 112, 174.00, 150.00),
	(4444, 121, 64.80, 60.00),
	(4444, 122, 102.00, 2.00),
	(4444, 123, 83.40, 60.00),
	(4445, 144, 66.00, 200.00),
	(4445, 143, 44.40, 120.00),
	(4445, 142, 13.50, 90.00),
	(4445, 137, 72.00, 180.00),
	(4445, 152, 129.60, 120.00),
	(4445, 160, 0.90, 90.00),
	(4445, 127, 172.50, 150.00),
	(4445, 155, 116.00, 100.00),
	(4446, 3, 55.20, 80.00),
	(4446, 24, 81.00, 150.00),
	(4446, 31, 51.00, 1.00),
	(4446, 37, 0.90, 90.00),
	(4446, 33, 232.00, 200.00),
	(4446, 35, 37.00, 100.00),
	(4447, 55, 57.60, 90.00),
	(4447, 43, 194.40, 180.00),
	(4448, 72, 54.00, 60.00),
	(4448, 87, 42.00, 200.00),
	(4448, 98, 210.00, 200.00),
	(4448, 116, 2.40, 120.00),
	(4448, 96, 78.60, 60.00),
	(4448, 107, 102.00, 2.00),
	(4448, 109, 183.60, 180.00),
	(4448, 112, 174.00, 150.00),
	(4449, 123, 139.00, 100.00),
	(4449, 124, 70.00, 200.00),
	(4450, 146, 34.50, 150.00),
	(4450, 147, 26.00, 100.00),
	(4450, 129, 33.60, 120.00),
	(4450, 137, 80.00, 200.00),
	(4450, 144, 39.60, 120.00),
	(4450, 152, 129.60, 120.00),
	(4450, 161, 36.00, 120.00),
	(4450, 155, 208.80, 180.00),
	(4451, 4, 216.00, 200.00),
	(4451, 10, 196.50, 150.00),
	(4451, 31, 102.00, 2.00),
	(4451, 40, 1.80, 90.00),
	(4451, 33, 116.00, 100.00),
	(4452, 52, 108.00, 200.00),
	(4452, 43, 64.80, 60.00),
	(4452, 68, 139.00, 100.00),
	(4453, 73, 138.00, 120.00),
	(4453, 85, 38.00, 200.00),
	(4453, 95, 19.80, 60.00),
	(4453, 81, 34.50, 150.00),
	(4453, 79, 31.20, 120.00),
	(4453, 99, 169.20, 180.00),
	(4453, 119, 1.20, 120.00),
	(4453, 96, 262.00, 200.00),
	(4453, 107, 102.00, 2.00),
	(4453, 110, 145.50, 150.00),
	(4454, 121, 129.60, 120.00),
	(4454, 122, 51.00, 1.00),
	(4454, 123, 125.10, 90.00),
	(4455, 129, 25.20, 90.00),
	(4455, 135, 8.80, 80.00),
	(4455, 134, 19.00, 100.00),
	(4455, 143, 44.40, 120.00),
	(4455, 137, 24.00, 60.00),
	(4455, 152, 162.00, 150.00),
	(4455, 161, 27.00, 90.00),
	(4455, 127, 230.00, 200.00),
	(4455, 155, 232.00, 200.00),
	(4456, 1, 43.20, 80.00),
	(4456, 12, 64.00, 200.00),
	(4456, 28, 66.00, 100.00),
	(4456, 32, 354.00, 1.00),
	(4456, 31, 51.00, 1.00),
	(4456, 42, 1.50, 150.00),
	(4456, 35, 55.50, 150.00),
	(4457, 52, 54.00, 100.00),
	(4457, 43, 194.40, 180.00),
	(4457, 69, 35.00, 100.00),
	(4458, 74, 103.00, 100.00),
	(4458, 94, 22.20, 60.00),
	(4458, 95, 29.70, 90.00),
	(4458, 78, 18.40, 80.00),
	(4458, 104, 153.00, 180.00),
	(4458, 116, 3.60, 180.00),
	(4458, 96, 262.00, 200.00),
	(4458, 111, 206.00, 200.00),
	(4458, 112, 116.00, 100.00),
	(4459, 122, 102.00, 2.00),
	(4459, 123, 139.00, 100.00),
	(4459, 125, 54.00, 180.00),
	(4460, 145, 61.50, 150.00),
	(4460, 129, 28.00, 100.00),
	(4460, 146, 41.40, 180.00),
	(4460, 137, 72.00, 180.00),
	(4460, 143, 22.20, 60.00),
	(4460, 138, 82.00, 200.00),
	(4460, 151, 153.00, 180.00),
	(4460, 160, 2.00, 200.00),
	(4460, 127, 230.00, 200.00),
	(4460, 155, 116.00, 100.00),
	(4461, 1, 108.00, 200.00),
	(4461, 26, 65.60, 80.00),
	(4461, 11, 160.00, 200.00),
	(4461, 31, 51.00, 1.00),
	(4461, 42, 1.00, 100.00),
	(4461, 33, 232.00, 200.00),
	(4461, 35, 33.30, 90.00),
	(4462, 57, 32.80, 80.00),
	(4462, 43, 108.00, 100.00),
	(4462, 68, 166.80, 120.00),
	(4463, 76, 103.50, 90.00),
	(4463, 95, 66.00, 200.00),
	(4463, 77, 82.00, 200.00),
	(4463, 91, 36.00, 90.00),
	(4463, 100, 122.40, 180.00),
	(4463, 120, 31.50, 90.00),
	(4463, 96, 196.50, 150.00),
	(4463, 107, 102.00, 2.00),
	(4463, 108, 178.20, 180.00),
	(4464, 121, 216.00, 200.00),
	(4464, 123, 83.40, 60.00),
	(4464, 125, 24.00, 80.00),
	(4465, 146, 41.40, 180.00),
	(4465, 134, 19.00, 100.00),
	(4465, 141, 22.80, 120.00),
	(4465, 132, 21.60, 80.00),
	(4465, 138, 82.00, 200.00),
	(4465, 144, 26.40, 80.00),
	(4465, 149, 248.40, 180.00),
	(4465, 158, 0.90, 90.00),
	(4465, 126, 108.00, 200.00),
	(4465, 155, 232.00, 200.00),
	(4466, 5, 69.00, 1.00),
	(4466, 23, 104.40, 120.00),
	(4466, 31, 102.00, 2.00),
	(4466, 38, 52.80, 120.00),
	(4466, 33, 116.00, 100.00),
	(4466, 36, 208.50, 150.00),
	(4467, 64, 39.00, 150.00),
	(4467, 68, 278.00, 200.00),
	(4468, 74, 82.40, 80.00),
	(4468, 79, 26.00, 100.00),
	(4468, 91, 24.00, 60.00),
	(4468, 84, 12.80, 80.00),
	(4468, 95, 66.00, 200.00),
	(4468, 102, 276.00, 200.00),
	(4468, 116, 1.80, 90.00),
	(4468, 96, 235.80, 180.00),
	(4468, 107, 51.00, 1.00),
	(4468, 112, 104.40, 90.00),
	(4469, 121, 97.20, 90.00),
	(4469, 123, 139.00, 100.00),
	(4469, 124, 52.50, 150.00),
	(4470, 132, 48.60, 180.00),
	(4470, 137, 72.00, 180.00),
	(4470, 138, 61.50, 150.00),
	(4470, 140, 72.00, 180.00),
	(4470, 153, 238.00, 200.00),
	(4470, 161, 30.00, 100.00),
	(4470, 128, 154.50, 150.00),
	(4470, 155, 92.80, 80.00),
	(4471, 3, 55.20, 80.00),
	(4471, 18, 22.80, 60.00),
	(4471, 11, 48.00, 60.00),
	(4471, 31, 102.00, 2.00),
	(4471, 40, 3.60, 180.00),
	(4471, 33, 208.80, 180.00),
	(4471, 36, 166.80, 120.00),
	(4472, 65, 112.00, 200.00),
	(4472, 43, 194.40, 180.00),
	(4473, 75, 124.20, 180.00),
	(4473, 85, 17.10, 90.00),
	(4473, 79, 31.20, 120.00),
	(4473, 89, 61.50, 150.00),
	(4473, 84, 32.00, 200.00),
	(4473, 91, 60.00, 150.00),
	(4473, 105, 194.40, 180.00),
	(4473, 117, 1.80, 180.00),
	(4473, 96, 262.00, 200.00),
	(4473, 107, 102.00, 2.00),
	(4474, 121, 216.00, 200.00),
	(4474, 123, 111.20, 80.00),
	(4475, 134, 15.20, 80.00),
	(4475, 139, 16.80, 120.00),
	(4475, 133, 12.80, 80.00),
	(4475, 132, 48.60, 180.00),
	(4475, 135, 11.00, 100.00),
	(4475, 150, 242.00, 200.00),
	(4475, 160, 0.80, 80.00),
	(4475, 127, 230.00, 200.00),
	(4475, 155, 232.00, 200.00),
	(4476, 3, 69.00, 100.00),
	(4476, 24, 108.00, 200.00),
	(4476, 32, 354.00, 1.00),
	(4476, 31, 102.00, 2.00),
	(4476, 41, 1.50, 150.00),
	(4477, 60, 36.00, 90.00),
	(4477, 43, 64.80, 60.00),
	(4477, 68, 208.50, 150.00),
	(4478, 75, 69.00, 100.00),
	(4478, 92, 11.40, 60.00),
	(4478, 90, 28.00, 200.00),
	(4478, 82, 7.20, 60.00),
	(4478, 94, 37.00, 100.00),
	(4478, 84, 19.20, 120.00),
	(4478, 93, 12.00, 80.00),
	(4478, 101, 174.00, 150.00),
	(4478, 116, 1.80, 90.00),
	(4478, 96, 196.50, 150.00),
	(4478, 107, 51.00, 1.00),
	(4478, 110, 174.60, 180.00),
	(4478, 113, 111.60, 180.00),
	(4479, 121, 162.00, 150.00),
	(4479, 122, 102.00, 2.00),
	(4479, 125, 54.00, 180.00),
	(4480, 137, 40.00, 100.00),
	(4480, 132, 24.30, 90.00),
	(4480, 145, 82.00, 200.00),
	(4480, 144, 59.40, 180.00),
	(4480, 130, 41.40, 180.00),
	(4480, 151, 102.00, 120.00),
	(4480, 161, 54.00, 180.00),
	(4480, 128, 206.00, 200.00),
	(4480, 155, 174.00, 150.00),
	(4481, 4, 216.00, 200.00),
	(4481, 10, 196.50, 150.00),
	(4481, 31, 102.00, 2.00),
	(4481, 40, 1.80, 90.00),
	(4481, 33, 116.00, 100.00),
	(4482, 52, 108.00, 200.00),
	(4482, 43, 64.80, 60.00),
	(4482, 68, 139.00, 100.00),
	(4483, 73, 138.00, 120.00),
	(4483, 85, 38.00, 200.00),
	(4483, 95, 19.80, 60.00),
	(4483, 81, 34.50, 150.00),
	(4483, 79, 31.20, 120.00),
	(4483, 99, 169.20, 180.00),
	(4483, 119, 1.20, 120.00),
	(4483, 96, 262.00, 200.00),
	(4483, 107, 102.00, 2.00),
	(4483, 110, 145.50, 150.00),
	(4484, 121, 129.60, 120.00),
	(4484, 122, 51.00, 1.00),
	(4484, 123, 125.10, 90.00),
	(4485, 129, 25.20, 90.00),
	(4485, 135, 8.80, 80.00),
	(4485, 134, 19.00, 100.00),
	(4485, 143, 44.40, 120.00),
	(4485, 137, 24.00, 60.00),
	(4485, 152, 162.00, 150.00),
	(4485, 161, 27.00, 90.00),
	(4485, 127, 230.00, 200.00),
	(4485, 155, 232.00, 200.00),
	(4486, 1, 43.20, 80.00),
	(4486, 12, 64.00, 200.00),
	(4486, 28, 66.00, 100.00),
	(4486, 32, 354.00, 1.00),
	(4486, 31, 51.00, 1.00),
	(4486, 42, 1.50, 150.00),
	(4486, 35, 55.50, 150.00),
	(4487, 52, 54.00, 100.00),
	(4487, 43, 194.40, 180.00),
	(4487, 69, 35.00, 100.00),
	(4488, 74, 103.00, 100.00),
	(4488, 94, 22.20, 60.00),
	(4488, 95, 29.70, 90.00),
	(4488, 78, 18.40, 80.00),
	(4488, 104, 153.00, 180.00),
	(4488, 116, 3.60, 180.00),
	(4488, 96, 262.00, 200.00),
	(4488, 111, 206.00, 200.00),
	(4488, 112, 116.00, 100.00),
	(4489, 122, 102.00, 2.00),
	(4489, 123, 139.00, 100.00),
	(4489, 125, 54.00, 180.00),
	(4490, 145, 61.50, 150.00),
	(4490, 129, 28.00, 100.00),
	(4490, 146, 41.40, 180.00),
	(4490, 137, 72.00, 180.00),
	(4490, 143, 22.20, 60.00),
	(4490, 138, 82.00, 200.00),
	(4490, 151, 153.00, 180.00),
	(4490, 160, 2.00, 200.00),
	(4490, 127, 230.00, 200.00),
	(4490, 155, 116.00, 100.00),
	(4491, 1, 108.00, 200.00),
	(4491, 26, 65.60, 80.00),
	(4491, 11, 160.00, 200.00),
	(4491, 31, 51.00, 1.00),
	(4491, 42, 1.00, 100.00),
	(4491, 33, 232.00, 200.00),
	(4491, 35, 33.30, 90.00),
	(4492, 57, 32.80, 80.00),
	(4492, 43, 108.00, 100.00),
	(4492, 68, 166.80, 120.00),
	(4493, 76, 103.50, 90.00),
	(4493, 95, 66.00, 200.00),
	(4493, 77, 82.00, 200.00),
	(4493, 91, 36.00, 90.00),
	(4493, 100, 122.40, 180.00),
	(4493, 120, 31.50, 90.00),
	(4493, 96, 196.50, 150.00),
	(4493, 107, 102.00, 2.00),
	(4493, 108, 178.20, 180.00),
	(4494, 121, 216.00, 200.00),
	(4494, 123, 83.40, 60.00),
	(4494, 125, 24.00, 80.00),
	(4495, 146, 41.40, 180.00),
	(4495, 134, 19.00, 100.00),
	(4495, 141, 22.80, 120.00),
	(4495, 132, 21.60, 80.00),
	(4495, 138, 82.00, 200.00),
	(4495, 144, 26.40, 80.00),
	(4495, 149, 248.40, 180.00),
	(4495, 158, 0.90, 90.00),
	(4495, 126, 108.00, 200.00),
	(4495, 155, 232.00, 200.00),
	(4496, 5, 69.00, 1.00),
	(4496, 23, 104.40, 120.00),
	(4496, 31, 102.00, 2.00),
	(4496, 38, 52.80, 120.00),
	(4496, 33, 116.00, 100.00),
	(4496, 36, 208.50, 150.00),
	(4497, 64, 39.00, 150.00),
	(4497, 68, 278.00, 200.00),
	(4498, 74, 82.40, 80.00),
	(4498, 79, 26.00, 100.00),
	(4498, 91, 24.00, 60.00),
	(4498, 84, 12.80, 80.00),
	(4498, 95, 66.00, 200.00),
	(4498, 102, 276.00, 200.00),
	(4498, 116, 1.80, 90.00),
	(4498, 96, 235.80, 180.00),
	(4498, 107, 51.00, 1.00),
	(4498, 112, 104.40, 90.00),
	(4499, 121, 97.20, 90.00),
	(4499, 123, 139.00, 100.00),
	(4499, 124, 52.50, 150.00),
	(4500, 132, 48.60, 180.00),
	(4500, 137, 72.00, 180.00),
	(4500, 138, 61.50, 150.00),
	(4500, 140, 72.00, 180.00),
	(4500, 153, 238.00, 200.00),
	(4500, 161, 30.00, 100.00),
	(4500, 128, 154.50, 150.00),
	(4500, 155, 92.80, 80.00),
	(4501, 3, 55.20, 80.00),
	(4501, 18, 22.80, 60.00),
	(4501, 11, 48.00, 60.00),
	(4501, 31, 102.00, 2.00),
	(4501, 40, 3.60, 180.00),
	(4501, 33, 208.80, 180.00),
	(4501, 36, 166.80, 120.00),
	(4502, 65, 112.00, 200.00),
	(4502, 43, 194.40, 180.00),
	(4503, 75, 124.20, 180.00),
	(4503, 85, 17.10, 90.00),
	(4503, 79, 31.20, 120.00),
	(4503, 89, 61.50, 150.00),
	(4503, 84, 32.00, 200.00),
	(4503, 91, 60.00, 150.00),
	(4503, 105, 194.40, 180.00),
	(4503, 117, 1.80, 180.00),
	(4503, 96, 262.00, 200.00),
	(4503, 107, 102.00, 2.00),
	(4504, 121, 216.00, 200.00),
	(4504, 123, 111.20, 80.00),
	(4505, 134, 15.20, 80.00),
	(4505, 139, 16.80, 120.00),
	(4505, 133, 12.80, 80.00),
	(4505, 132, 48.60, 180.00),
	(4505, 135, 11.00, 100.00),
	(4505, 150, 242.00, 200.00),
	(4505, 160, 0.80, 80.00),
	(4505, 127, 230.00, 200.00),
	(4505, 155, 232.00, 200.00),
	(4506, 3, 69.00, 100.00),
	(4506, 24, 108.00, 200.00),
	(4506, 32, 354.00, 1.00),
	(4506, 31, 102.00, 2.00),
	(4506, 41, 1.50, 150.00),
	(4507, 60, 36.00, 90.00),
	(4507, 43, 64.80, 60.00),
	(4507, 68, 208.50, 150.00),
	(4508, 75, 69.00, 100.00),
	(4508, 92, 11.40, 60.00),
	(4508, 90, 28.00, 200.00),
	(4508, 82, 7.20, 60.00),
	(4508, 94, 37.00, 100.00),
	(4508, 84, 19.20, 120.00),
	(4508, 93, 12.00, 80.00),
	(4508, 101, 174.00, 150.00),
	(4508, 116, 1.80, 90.00),
	(4508, 96, 196.50, 150.00),
	(4508, 107, 51.00, 1.00),
	(4508, 110, 174.60, 180.00),
	(4508, 113, 111.60, 180.00),
	(4509, 121, 162.00, 150.00),
	(4509, 122, 102.00, 2.00),
	(4509, 125, 54.00, 180.00),
	(4510, 137, 40.00, 100.00),
	(4510, 132, 24.30, 90.00),
	(4510, 145, 82.00, 200.00),
	(4510, 144, 59.40, 180.00),
	(4510, 130, 41.40, 180.00),
	(4510, 151, 102.00, 120.00),
	(4510, 161, 54.00, 180.00),
	(4510, 128, 206.00, 200.00),
	(4510, 155, 174.00, 150.00);
/*!40000 ALTER TABLE `tbl_combinacion_detalle` ENABLE KEYS */;

-- Volcando estructura para tabla nutricion.tbl_dieta
CREATE TABLE IF NOT EXISTS `tbl_dieta` (
  `iddieta` int(11) NOT NULL AUTO_INCREMENT,
  `idpersona` int(11) NOT NULL,
  `fecha` date NOT NULL,
  `asignado` tinyint(4) NOT NULL,
  `terminado` tinyint(4) DEFAULT 0,
  `fecharegistro` datetime DEFAULT NULL,
  PRIMARY KEY (`iddieta`),
  KEY `fk_dieta_idpersona` (`idpersona`),
  CONSTRAINT `fk_dieta_idpersona` FOREIGN KEY (`idpersona`) REFERENCES `tbl_persona` (`idpersona`) ON DELETE CASCADE ON UPDATE CASCADE
) ENGINE=InnoDB AUTO_INCREMENT=701 DEFAULT CHARSET=utf8mb4 COLLATE=utf8mb4_spanish_ci;

-- Volcando datos para la tabla nutricion.tbl_dieta: ~190 rows (aproximadamente)
/*!40000 ALTER TABLE `tbl_dieta` DISABLE KEYS */;
INSERT INTO `tbl_dieta` (`iddieta`, `idpersona`, `fecha`, `asignado`, `terminado`, `fecharegistro`) VALUES
	(491, 1, '2019-12-24', 1, 0, '2019-12-24 12:02:29'),
	(492, 1, '2019-12-25', 1, 0, '2019-12-24 12:02:29'),
	(493, 1, '2019-12-26', 1, 1, '2019-12-24 12:02:29'),
	(494, 1, '2019-12-27', 1, 0, '2019-12-24 12:02:29'),
	(495, 1, '2019-12-28', 1, 0, '2019-12-24 12:02:29'),
	(496, 1, '2019-12-29', 0, 0, '2019-12-24 12:02:29'),
	(497, 1, '2019-12-30', 1, 0, '2019-12-24 12:02:29'),
	(498, 1, '2019-12-31', 1, 0, '2019-12-24 12:02:29'),
	(499, 1, '2020-01-01', 1, 0, '2019-12-24 12:02:29'),
	(500, 1, '2020-01-02', 1, 0, '2019-12-24 12:02:29'),
	(501, 1, '2020-01-03', 1, 0, '2019-12-24 12:02:29'),
	(502, 1, '2020-01-04', 1, 0, '2019-12-24 12:02:29'),
	(503, 1, '2020-01-05', 0, 0, '2019-12-24 12:02:29'),
	(504, 1, '2020-01-06', 1, 0, '2019-12-24 12:02:29'),
	(505, 9, '2019-12-24', 1, 0, '2019-12-24 12:07:29'),
	(506, 9, '2019-12-25', 1, 1, '2019-12-24 12:07:29'),
	(507, 9, '2019-12-26', 1, 1, '2019-12-24 12:07:29'),
	(508, 9, '2019-12-27', 1, 0, '2019-12-24 12:07:29'),
	(509, 9, '2019-12-28', 1, 0, '2019-12-24 12:07:29'),
	(510, 9, '2019-12-29', 0, 0, '2019-12-24 12:07:29'),
	(511, 9, '2019-12-30', 1, 0, '2019-12-24 12:07:29'),
	(512, 9, '2019-12-31', 1, 0, '2019-12-24 12:07:29'),
	(513, 9, '2020-01-01', 1, 0, '2019-12-24 12:07:29'),
	(514, 9, '2020-01-02', 1, 0, '2019-12-24 12:07:29'),
	(515, 9, '2020-01-03', 1, 0, '2019-12-24 12:07:29'),
	(516, 9, '2020-01-04', 1, 0, '2019-12-24 12:07:29'),
	(517, 9, '2020-01-05', 0, 0, '2019-12-24 12:07:29'),
	(518, 9, '2020-01-06', 1, 0, '2019-12-24 12:07:29'),
	(519, 10, '2019-12-24', 1, 1, '2019-12-24 17:19:35'),
	(520, 10, '2019-12-25', 1, 0, '2019-12-24 17:19:35'),
	(521, 10, '2019-12-26', 1, 0, '2019-12-24 17:19:35'),
	(522, 10, '2019-12-27', 1, 0, '2019-12-24 17:19:35'),
	(523, 10, '2019-12-28', 1, 0, '2019-12-24 17:19:35'),
	(524, 10, '2019-12-29', 0, 0, '2019-12-24 17:19:35'),
	(525, 10, '2019-12-30', 1, 0, '2019-12-24 17:19:35'),
	(526, 10, '2019-12-31', 1, 0, '2019-12-24 17:19:35'),
	(527, 10, '2020-01-01', 1, 0, '2019-12-24 17:19:35'),
	(528, 10, '2020-01-02', 1, 0, '2019-12-24 17:19:35'),
	(529, 10, '2020-01-03', 1, 0, '2019-12-24 17:19:35'),
	(530, 10, '2020-01-04', 1, 0, '2019-12-24 17:19:35'),
	(531, 10, '2020-01-05', 0, 0, '2019-12-24 17:19:35'),
	(532, 10, '2020-01-06', 1, 0, '2019-12-24 17:19:35'),
	(533, 10, '2020-01-12', 0, 0, '2020-01-12 18:14:37'),
	(534, 10, '2020-01-13', 1, 0, '2020-01-12 18:14:37'),
	(535, 10, '2020-01-14', 1, 0, '2020-01-12 18:14:37'),
	(536, 10, '2020-01-15', 1, 0, '2020-01-12 18:14:37'),
	(537, 10, '2020-01-16', 1, 0, '2020-01-12 18:14:37'),
	(538, 10, '2020-01-17', 1, 0, '2020-01-12 18:14:37'),
	(539, 10, '2020-01-18', 1, 0, '2020-01-12 18:14:37'),
	(540, 10, '2020-01-19', 0, 0, '2020-01-12 18:14:37'),
	(541, 10, '2020-01-20', 1, 0, '2020-01-12 18:14:37'),
	(542, 10, '2020-01-21', 1, 0, '2020-01-12 18:14:37'),
	(543, 10, '2020-01-22', 1, 0, '2020-01-12 18:14:37'),
	(544, 10, '2020-01-23', 1, 0, '2020-01-12 18:14:37'),
	(545, 10, '2020-01-24', 1, 0, '2020-01-12 18:14:37'),
	(546, 10, '2020-01-25', 1, 0, '2020-01-12 18:14:37'),
	(547, 9, '2020-01-22', 1, 0, '2020-01-22 10:59:57'),
	(548, 9, '2020-01-23', 1, 0, '2020-01-22 10:59:57'),
	(549, 9, '2020-01-24', 1, 0, '2020-01-22 10:59:57'),
	(550, 9, '2020-01-25', 1, 0, '2020-01-22 10:59:57'),
	(551, 9, '2020-01-26', 0, 0, '2020-01-22 10:59:57'),
	(552, 9, '2020-01-27', 1, 0, '2020-01-22 10:59:57'),
	(553, 9, '2020-01-28', 1, 0, '2020-01-22 10:59:57'),
	(554, 9, '2020-01-29', 1, 0, '2020-01-22 10:59:57'),
	(555, 9, '2020-01-30', 1, 0, '2020-01-22 10:59:57'),
	(556, 9, '2020-01-31', 1, 0, '2020-01-22 10:59:57'),
	(557, 9, '2020-02-01', 1, 0, '2020-01-22 10:59:57'),
	(558, 9, '2020-02-02', 0, 0, '2020-01-22 10:59:57'),
	(559, 9, '2020-02-03', 1, 0, '2020-01-22 10:59:57'),
	(560, 9, '2020-02-04', 1, 0, '2020-01-22 10:59:57'),
	(561, 10, '2020-02-04', 1, 0, '2020-02-04 19:14:02'),
	(562, 10, '2020-02-05', 1, 1, '2020-02-04 19:14:02'),
	(563, 10, '2020-02-06', 1, 0, '2020-02-04 19:14:02'),
	(564, 10, '2020-02-07', 1, 0, '2020-02-04 19:14:02'),
	(565, 10, '2020-02-08', 1, 0, '2020-02-04 19:14:02'),
	(566, 10, '2020-02-09', 0, 0, '2020-02-04 19:14:02'),
	(567, 10, '2020-02-10', 1, 0, '2020-02-04 19:14:02'),
	(568, 10, '2020-02-11', 1, 0, '2020-02-04 19:14:02'),
	(569, 10, '2020-02-12', 1, 1, '2020-02-04 19:14:02'),
	(570, 10, '2020-02-13', 1, 0, '2020-02-04 19:14:02'),
	(571, 10, '2020-02-14', 1, 0, '2020-02-04 19:14:02'),
	(572, 10, '2020-02-15', 1, 0, '2020-02-04 19:14:02'),
	(573, 10, '2020-02-16', 0, 0, '2020-02-04 19:14:02'),
	(574, 10, '2020-02-17', 1, 0, '2020-02-04 19:14:02'),
	(575, 14, '2020-02-18', 1, 0, '2020-02-18 15:09:14'),
	(576, 14, '2020-02-19', 1, 0, '2020-02-18 15:09:14'),
	(577, 14, '2020-02-20', 1, 1, '2020-02-18 15:09:14'),
	(578, 14, '2020-02-21', 1, 1, '2020-02-18 15:09:14'),
	(579, 14, '2020-02-22', 1, 0, '2020-02-18 15:09:14'),
	(580, 14, '2020-02-23', 0, 0, '2020-02-18 15:09:14'),
	(581, 14, '2020-02-24', 1, 0, '2020-02-18 15:09:14'),
	(582, 14, '2020-02-25', 1, 0, '2020-02-18 15:09:14'),
	(583, 14, '2020-02-26', 1, 0, '2020-02-18 15:09:14'),
	(584, 14, '2020-02-27', 1, 1, '2020-02-18 15:09:14'),
	(585, 14, '2020-02-28', 1, 0, '2020-02-18 15:09:14'),
	(586, 14, '2020-02-29', 1, 0, '2020-02-18 15:09:14'),
	(587, 14, '2020-03-01', 0, 0, '2020-02-18 15:09:14'),
	(588, 14, '2020-03-02', 1, 0, '2020-02-18 15:09:14'),
	(589, 10, '2020-02-18', 1, 1, '2020-02-18 17:53:46'),
	(590, 10, '2020-02-19', 1, 0, '2020-02-18 17:53:46'),
	(591, 10, '2020-02-20', 1, 1, '2020-02-18 17:53:46'),
	(592, 10, '2020-02-21', 1, 0, '2020-02-18 17:53:46'),
	(593, 10, '2020-02-22', 1, 0, '2020-02-18 17:53:46'),
	(594, 10, '2020-02-23', 0, 0, '2020-02-18 17:53:46'),
	(595, 10, '2020-02-24', 1, 0, '2020-02-18 17:53:46'),
	(596, 10, '2020-02-25', 1, 0, '2020-02-18 17:53:46'),
	(617, 10, '2020-02-26', 1, 0, '2020-02-26 18:19:15'),
	(618, 10, '2020-02-27', 1, 0, '2020-02-26 18:19:15'),
	(619, 10, '2020-02-28', 1, 1, '2020-02-26 18:19:15'),
	(620, 10, '2020-02-29', 1, 0, '2020-02-26 18:19:15'),
	(621, 10, '2020-03-01', 0, 0, '2020-02-26 18:19:15'),
	(622, 10, '2020-03-02', 1, 0, '2020-02-26 18:19:15'),
	(623, 10, '2020-03-03', 1, 0, '2020-02-26 18:19:15'),
	(624, 10, '2020-03-04', 1, 0, '2020-02-26 18:19:15'),
	(625, 10, '2020-03-05', 1, 0, '2020-02-26 18:19:15'),
	(626, 10, '2020-03-06', 1, 0, '2020-02-26 18:19:15'),
	(627, 10, '2020-03-07', 1, 0, '2020-02-26 18:19:15'),
	(628, 10, '2020-03-08', 0, 0, '2020-02-26 18:19:15'),
	(629, 10, '2020-03-09', 1, 0, '2020-02-26 18:19:15'),
	(630, 10, '2020-03-10', 1, 0, '2020-02-26 18:19:15'),
	(631, 15, '2020-02-28', 1, 1, '2020-02-28 22:29:41'),
	(632, 15, '2020-02-29', 1, 0, '2020-02-28 22:29:41'),
	(633, 15, '2020-03-01', 0, 0, '2020-02-28 22:29:41'),
	(634, 15, '2020-03-02', 1, 0, '2020-02-28 22:29:41'),
	(635, 15, '2020-03-03', 1, 0, '2020-02-28 22:29:41'),
	(636, 15, '2020-03-04', 1, 0, '2020-02-28 22:29:41'),
	(637, 15, '2020-03-05', 1, 0, '2020-02-28 22:29:41'),
	(638, 15, '2020-03-06', 1, 0, '2020-02-28 22:29:41'),
	(639, 15, '2020-03-07', 1, 0, '2020-02-28 22:29:41'),
	(640, 15, '2020-03-08', 0, 0, '2020-02-28 22:29:41'),
	(641, 15, '2020-03-09', 1, 0, '2020-02-28 22:29:41'),
	(642, 15, '2020-03-10', 1, 0, '2020-02-28 22:29:41'),
	(643, 15, '2020-03-11', 1, 0, '2020-02-28 22:29:41'),
	(644, 15, '2020-03-12', 1, 0, '2020-02-28 22:29:41'),
	(645, 16, '2020-02-29', 1, 0, '2020-02-29 21:12:20'),
	(646, 16, '2020-03-01', 0, 0, '2020-02-29 21:12:20'),
	(647, 16, '2020-03-02', 1, 0, '2020-02-29 21:12:20'),
	(648, 16, '2020-03-03', 1, 0, '2020-02-29 21:12:20'),
	(649, 16, '2020-03-04', 1, 0, '2020-02-29 21:12:20'),
	(650, 16, '2020-03-05', 1, 0, '2020-02-29 21:12:20'),
	(651, 16, '2020-03-06', 1, 0, '2020-02-29 21:12:20'),
	(652, 16, '2020-03-07', 1, 0, '2020-02-29 21:12:20'),
	(653, 16, '2020-03-08', 0, 0, '2020-02-29 21:12:20'),
	(654, 16, '2020-03-09', 1, 0, '2020-02-29 21:12:20'),
	(655, 16, '2020-03-10', 1, 0, '2020-02-29 21:12:20'),
	(656, 16, '2020-03-11', 1, 0, '2020-02-29 21:12:20'),
	(657, 16, '2020-03-12', 1, 0, '2020-02-29 21:12:20'),
	(658, 16, '2020-03-13', 1, 0, '2020-02-29 21:12:20'),
	(659, 14, '2020-03-04', 1, 0, '2020-03-04 10:43:06'),
	(660, 14, '2020-03-05', 1, 0, '2020-03-04 10:43:06'),
	(661, 14, '2020-03-06', 1, 0, '2020-03-04 10:43:06'),
	(662, 14, '2020-03-07', 1, 0, '2020-03-04 10:43:06'),
	(663, 14, '2020-03-08', 0, 0, '2020-03-04 10:43:06'),
	(664, 14, '2020-03-09', 1, 0, '2020-03-04 10:43:06'),
	(665, 14, '2020-03-10', 1, 0, '2020-03-04 10:43:06'),
	(666, 14, '2020-03-11', 1, 0, '2020-03-04 10:43:06'),
	(667, 14, '2020-03-12', 1, 0, '2020-03-04 10:43:06'),
	(668, 14, '2020-03-13', 1, 0, '2020-03-04 10:43:06'),
	(669, 14, '2020-03-14', 1, 0, '2020-03-04 10:43:06'),
	(670, 14, '2020-03-15', 0, 0, '2020-03-04 10:43:06'),
	(671, 14, '2020-03-16', 1, 0, '2020-03-04 10:43:06'),
	(672, 14, '2020-03-17', 1, 0, '2020-03-04 10:43:06'),
	(673, 18, '2020-03-08', 0, 0, '2020-03-08 13:03:42'),
	(674, 18, '2020-03-09', 1, 0, '2020-03-08 13:03:42'),
	(675, 18, '2020-03-10', 1, 0, '2020-03-08 13:03:42'),
	(676, 18, '2020-03-11', 1, 0, '2020-03-08 13:03:42'),
	(677, 18, '2020-03-12', 1, 0, '2020-03-08 13:03:42'),
	(678, 18, '2020-03-13', 1, 0, '2020-03-08 13:03:42'),
	(679, 18, '2020-03-14', 1, 0, '2020-03-08 13:03:42'),
	(680, 18, '2020-03-15', 0, 0, '2020-03-08 13:03:42'),
	(681, 18, '2020-03-16', 1, 0, '2020-03-08 13:03:42'),
	(682, 18, '2020-03-17', 1, 0, '2020-03-08 13:03:42'),
	(683, 18, '2020-03-18', 1, 0, '2020-03-08 13:03:42'),
	(684, 18, '2020-03-19', 1, 0, '2020-03-08 13:03:42'),
	(685, 18, '2020-03-20', 1, 0, '2020-03-08 13:03:42'),
	(686, 18, '2020-03-21', 1, 0, '2020-03-08 13:03:42'),
	(687, 19, '2020-03-08', 0, 0, '2020-03-08 13:21:16'),
	(688, 19, '2020-03-09', 1, 0, '2020-03-08 13:21:16'),
	(689, 19, '2020-03-10', 1, 0, '2020-03-08 13:21:16'),
	(690, 19, '2020-03-11', 1, 0, '2020-03-08 13:21:16'),
	(691, 19, '2020-03-12', 1, 0, '2020-03-08 13:21:16'),
	(692, 19, '2020-03-13', 1, 0, '2020-03-08 13:21:16'),
	(693, 19, '2020-03-14', 1, 0, '2020-03-08 13:21:16'),
	(694, 19, '2020-03-15', 0, 0, '2020-03-08 13:21:16'),
	(695, 19, '2020-03-16', 1, 0, '2020-03-08 13:21:16'),
	(696, 19, '2020-03-17', 1, 0, '2020-03-08 13:21:16'),
	(697, 19, '2020-03-18', 1, 0, '2020-03-08 13:21:16'),
	(698, 19, '2020-03-19', 1, 0, '2020-03-08 13:21:16'),
	(699, 19, '2020-03-20', 1, 0, '2020-03-08 13:21:16'),
	(700, 19, '2020-03-21', 1, 0, '2020-03-08 13:21:16');
/*!40000 ALTER TABLE `tbl_dieta` ENABLE KEYS */;

-- Volcando estructura para tabla nutricion.tbl_login_tipo
CREATE TABLE IF NOT EXISTS `tbl_login_tipo` (
  `idlogin_tipo` tinyint(4) NOT NULL DEFAULT 0,
  `nombre` varchar(50) COLLATE utf8mb4_spanish_ci NOT NULL,
  PRIMARY KEY (`idlogin_tipo`)
) ENGINE=InnoDB DEFAULT CHARSET=utf8mb4 COLLATE=utf8mb4_spanish_ci;

-- Volcando datos para la tabla nutricion.tbl_login_tipo: ~3 rows (aproximadamente)
/*!40000 ALTER TABLE `tbl_login_tipo` DISABLE KEYS */;
INSERT INTO `tbl_login_tipo` (`idlogin_tipo`, `nombre`) VALUES
	(1, 'NATIVO'),
	(2, 'FACEBOOK'),
	(3, 'GMAIL');
/*!40000 ALTER TABLE `tbl_login_tipo` ENABLE KEYS */;

-- Volcando estructura para tabla nutricion.tbl_persona
CREATE TABLE IF NOT EXISTS `tbl_persona` (
  `idpersona` int(11) NOT NULL AUTO_INCREMENT,
  `nombres` varchar(150) COLLATE utf8mb4_spanish_ci DEFAULT NULL,
  `apellidos` varchar(150) COLLATE utf8mb4_spanish_ci DEFAULT NULL,
  `correo` varchar(150) COLLATE utf8mb4_spanish_ci DEFAULT NULL,
  `contrasenia` varchar(256) COLLATE utf8mb4_spanish_ci DEFAULT NULL,
  `kcal` int(11) DEFAULT NULL,
  `token` varchar(200) COLLATE utf8mb4_spanish_ci DEFAULT NULL,
  `fecha_nacimiento` date DEFAULT NULL,
  `sexo` varchar(1) COLLATE utf8mb4_spanish_ci DEFAULT 'F',
  `idlogin_tipo` tinyint(4) DEFAULT NULL,
  `codigorecuperacion` varchar(10) COLLATE utf8mb4_spanish_ci DEFAULT NULL,
  `fecharecuperacion` datetime DEFAULT NULL,
  PRIMARY KEY (`idpersona`),
  KEY `tbl_persona_logintipo` (`idlogin_tipo`),
  CONSTRAINT `tbl_persona_logintipo` FOREIGN KEY (`idlogin_tipo`) REFERENCES `tbl_login_tipo` (`idlogin_tipo`) ON DELETE NO ACTION ON UPDATE NO ACTION
) ENGINE=InnoDB AUTO_INCREMENT=20 DEFAULT CHARSET=utf8mb4 COLLATE=utf8mb4_spanish_ci;

-- Volcando datos para la tabla nutricion.tbl_persona: ~12 rows (aproximadamente)
/*!40000 ALTER TABLE `tbl_persona` DISABLE KEYS */;
INSERT INTO `tbl_persona` (`idpersona`, `nombres`, `apellidos`, `correo`, `contrasenia`, `kcal`, `token`, `fecha_nacimiento`, `sexo`, `idlogin_tipo`, `codigorecuperacion`, `fecharecuperacion`) VALUES
	(1, 'JUAN', 'PÉREZ', 'jperez@hotmail.com', '8d969eef6ecad3c29a3a629280e686cf0c3f5d5a86aff3ca12020c923adc6c92', 2533, '8b77fa9fa3813aee21e79ac7aea98b8b045981c052689f21f6c4c47ca292', '1995-03-21', 'M', 1, NULL, NULL),
	(9, 'Daniel', 'Vilchez Guivar', 'dv780@hotmail.com', 'e3b0c44298fc1c149afbf4c8996fb92427ae41e4649b934ca495991b7852b855', 2133, 'd4750a7bf88cbb9fe54cea9fe74dcbda642d9135053f6f7d9ceee94422c7db54', '1996-03-30', 'M', 2, NULL, NULL),
	(10, 'Daniel Vilchez', 'Vilchez', 'dvg780@gmail.com', '8d969eef6ecad3c29a3a629280e686cf0c3f5d5a86aff3ca12020c923adc6c92', 3114, '3c93c4b9a66b2f6a8e46c1564f65b6e1f6d2ab680044bcf91588c671377e50e3', '1996-03-30', 'M', 1, '734348', '2020-02-18 18:24:14'),
	(11, 'Daniel', 'Vilchez Guivar', 'dv7g80@gmail.com', 'e3b0c44298fc1c149afbf4c8996fb92427ae41e4649b934ca495991b7852b855', NULL, 'c982758f07c03d564fae6d233b9fc8a0ba050b78248e322bd54701b55e2b259a', NULL, 'F', 3, NULL, NULL),
	(12, 'Daniel', 'Vilchez Guivar', 'ochavezwilfredoc@crece.us.edu.pe', '3a17110eed5e003b06759e6a1e703416716a4e19c2950490e8e18c808ef3c4ae', NULL, '6be3e073c1fcd56879326e5d694482dc6e1a2282f9cdb9ff74b83b1cbee5992c', NULL, 'F', 2, NULL, NULL),
	(13, 'Daniel', 'Vilchez Guivar', 'ochavezwilfredoc@crece.uss.edu.pe', '3a17110eed5e003b06759e6a1e703416716a4e19c2950490e8e18c808ef3c4ae', NULL, '2cc844b411c7860a90e561d707c75c905cf12b91084d658c79d5c0a50d654fd9', NULL, 'F', 2, NULL, NULL),
	(14, 'Belen', 'Guevara', 'lbga1909@gmail.com', '3a17110eed5e003b06759e6a1e703416716a4e19c2950490e8e18c808ef3c4ae', 2410, '7f4b978644cd480bbd36b9f195b48db4419cebb6620f6fdb53d21e3f88590cdf', '1994-02-18', 'F', 3, NULL, NULL),
	(15, 'BELEN', 'GUEVARA', 'lbga_1909@live.com', '8d969eef6ecad3c29a3a629280e686cf0c3f5d5a86aff3ca12020c923adc6c92', 2352, '2c4170dd315958ac5f10acdcf96f00e8400e6d99a83b0352566e93d493f6b3c0', '1997-09-19', 'F', 1, NULL, NULL),
	(16, 'RAFAEL', 'JIMENEZ', 'jorgeramos6001@gmail.com', '91caa2107d26e624200b741630360dad9015f16db1d4a29bd82d9231ae0d5a38', 2592, '57bed7d9d3dc717837aa02f9ed19d56f23bb09295390d5278c886433d7015247', '1994-02-18', 'F', 1, NULL, NULL),
	(17, 'RAFAEL', 'JIMENEZ', 'jorgeramos@gmail.com', '91caa2107d26e624200b741630360dad9015f16db1d4a29bd82d9231ae0d5a38', NULL, '7dde704cf1fdd84e4c90a7609f38f72a7fd77f94ea83db432eef913929109637', NULL, 'F', 1, NULL, NULL),
	(18, 'ROSA', 'ALBURQUEQUE', 'rosa.alburqueque3@hotmail.com', '8d969eef6ecad3c29a3a629280e686cf0c3f5d5a86aff3ca12020c923adc6c92', 2528, '15df58cfa02ff191cba3c21ec2660c2e3ee6d1da43619943babf4ea4e92411df', '1970-04-03', 'F', 1, NULL, NULL),
	(19, 'CARLOS', 'VALDIVIA', 'karlosvaldivia@gmail.com', '8d969eef6ecad3c29a3a629280e686cf0c3f5d5a86aff3ca12020c923adc6c92', 3274, '7d9bbd4d423075c660a29c5f9fa9e7f8a7c824e11a851bb3c22e69a477dace9b', '1974-07-13', 'M', 1, NULL, NULL);
/*!40000 ALTER TABLE `tbl_persona` ENABLE KEYS */;

-- Volcando estructura para tabla nutricion.tbl_persona_medida
CREATE TABLE IF NOT EXISTS `tbl_persona_medida` (
  `idmedida` int(11) NOT NULL AUTO_INCREMENT,
  `idpersona` int(11) NOT NULL,
  `peso` int(11) NOT NULL DEFAULT 0,
  `medida` decimal(6,2) NOT NULL DEFAULT 0.00,
  `cintura` int(11) NOT NULL DEFAULT 0,
  `cadera` int(11) NOT NULL DEFAULT 0,
  `imc` decimal(6,2) NOT NULL DEFAULT 0.00,
  `fecha` date DEFAULT NULL,
  PRIMARY KEY (`idmedida`),
  KEY `fk_persona_medida_idperson` (`idpersona`),
  CONSTRAINT `fk_persona_medida_idperson` FOREIGN KEY (`idpersona`) REFERENCES `tbl_persona` (`idpersona`) ON DELETE NO ACTION ON UPDATE NO ACTION
) ENGINE=InnoDB AUTO_INCREMENT=21 DEFAULT CHARSET=utf8mb4 COLLATE=utf8mb4_spanish_ci;

-- Volcando datos para la tabla nutricion.tbl_persona_medida: ~15 rows (aproximadamente)
/*!40000 ALTER TABLE `tbl_persona_medida` DISABLE KEYS */;
INSERT INTO `tbl_persona_medida` (`idmedida`, `idpersona`, `peso`, `medida`, `cintura`, `cadera`, `imc`, `fecha`) VALUES
	(6, 1, 75, 1.70, 90, 92, 25.95, '2019-12-20'),
	(7, 9, 74, 1.64, 100, 100, 27.52, '2019-12-20'),
	(8, 9, 100, 1.60, 100, 100, 39.07, '2019-12-22'),
	(9, 10, 70, 1.60, 100, 100, 27.35, '2019-12-24'),
	(10, 10, 100, 1.50, 100, 100, 44.40, '2020-01-12'),
	(11, 9, 75, 1.60, 100, 100, 29.30, '2020-01-22'),
	(12, 10, 100, 1.60, 100, 100, 39.10, '2020-02-04'),
	(13, 14, 80, 1.68, 90, 93, 28.30, '2020-02-18'),
	(14, 10, 75, 1.60, 100, 100, 29.30, '2020-02-18'),
	(15, 10, 75, 1.60, 100, 100, 29.30, '2020-02-18'),
	(16, 15, 72, 1.61, 70, 99, 27.80, '2020-02-28'),
	(17, 16, 80, 1.68, 90, 93, 28.30, '2020-02-29'),
	(18, 14, 70, 1.61, 89, 99, 27.00, '2020-03-04'),
	(19, 18, 68, 1.55, 90, 90, 28.30, '2020-03-08'),
	(20, 19, 80, 1.70, 80, 110, 27.70, '2020-03-08');
/*!40000 ALTER TABLE `tbl_persona_medida` ENABLE KEYS */;

-- Volcando estructura para tabla nutricion.tbl_persona_preferencia
CREATE TABLE IF NOT EXISTS `tbl_persona_preferencia` (
  `idpersona` int(11) NOT NULL,
  `cant_comidas` tinyint(4) NOT NULL DEFAULT 0,
  `cant_vasos` tinyint(4) NOT NULL DEFAULT 0,
  `comida_hambre` enum('FRUTA','COMIDA RAPIDA','GOLOSINAS','CEREALES','NINGUNA') COLLATE utf8mb4_spanish_ci NOT NULL,
  `hace_dieta` tinyint(4) NOT NULL DEFAULT 0,
  PRIMARY KEY (`idpersona`),
  CONSTRAINT `fk_persona_preferencia_idpersona` FOREIGN KEY (`idpersona`) REFERENCES `tbl_persona` (`idpersona`) ON DELETE NO ACTION ON UPDATE NO ACTION
) ENGINE=InnoDB DEFAULT CHARSET=utf8mb4 COLLATE=utf8mb4_spanish_ci;

-- Volcando datos para la tabla nutricion.tbl_persona_preferencia: ~8 rows (aproximadamente)
/*!40000 ALTER TABLE `tbl_persona_preferencia` DISABLE KEYS */;
INSERT INTO `tbl_persona_preferencia` (`idpersona`, `cant_comidas`, `cant_vasos`, `comida_hambre`, `hace_dieta`) VALUES
	(1, 3, 1, 'COMIDA RAPIDA', 0),
	(9, 3, 5, 'GOLOSINAS', 0),
	(10, 1, 1, 'NINGUNA', 0),
	(14, 3, 6, 'FRUTA', 1),
	(15, 4, 6, 'FRUTA', 1),
	(16, 3, 6, 'NINGUNA', 0),
	(18, 3, 8, 'NINGUNA', 0),
	(19, 3, 2, 'FRUTA', 0);
/*!40000 ALTER TABLE `tbl_persona_preferencia` ENABLE KEYS */;

-- Volcando estructura para tabla nutricion.tbl_persona_rutina
CREATE TABLE IF NOT EXISTS `tbl_persona_rutina` (
  `idpersona` int(11) NOT NULL,
  `caminar` tinyint(4) NOT NULL DEFAULT 0,
  `escaleras` tinyint(4) NOT NULL DEFAULT 0,
  `trabaja` tinyint(4) NOT NULL DEFAULT 0,
  `trabaja_casa` tinyint(4) NOT NULL DEFAULT 0,
  `trabaja_ligero` tinyint(4) NOT NULL DEFAULT 0,
  `trabaja_activo` tinyint(4) NOT NULL DEFAULT 0,
  `trabaja_muyactivo` tinyint(4) NOT NULL DEFAULT 0,
  `ciclismo` tinyint(4) NOT NULL DEFAULT 0,
  `futbol` tinyint(4) NOT NULL DEFAULT 0,
  `danza` tinyint(4) NOT NULL DEFAULT 0,
  `baloncesto` tinyint(4) NOT NULL DEFAULT 0,
  `natacion` tinyint(4) NOT NULL DEFAULT 0,
  `tenis` tinyint(4) NOT NULL DEFAULT 0,
  `correr` tinyint(4) NOT NULL DEFAULT 0,
  `recalcular` tinyint(4) NOT NULL DEFAULT 1,
  PRIMARY KEY (`idpersona`),
  CONSTRAINT `fk_persona_rutina_idpersona` FOREIGN KEY (`idpersona`) REFERENCES `tbl_persona` (`idpersona`) ON DELETE NO ACTION ON UPDATE NO ACTION
) ENGINE=InnoDB DEFAULT CHARSET=utf8mb4 COLLATE=utf8mb4_spanish_ci;

-- Volcando datos para la tabla nutricion.tbl_persona_rutina: ~8 rows (aproximadamente)
/*!40000 ALTER TABLE `tbl_persona_rutina` DISABLE KEYS */;
INSERT INTO `tbl_persona_rutina` (`idpersona`, `caminar`, `escaleras`, `trabaja`, `trabaja_casa`, `trabaja_ligero`, `trabaja_activo`, `trabaja_muyactivo`, `ciclismo`, `futbol`, `danza`, `baloncesto`, `natacion`, `tenis`, `correr`, `recalcular`) VALUES
	(1, 1, 1, 1, 0, 8, 0, 0, 0, 1, 0, 0, 0, 0, 0, 0),
	(9, 0, 0, 0, 0, 0, 1, 0, 0, 0, 3, 0, 0, 0, 0, 0),
	(10, 7, 0, 1, 0, 0, 9, 0, 0, 0, 0, 0, 0, 0, 0, 0),
	(14, 2, 1, 1, 0, 6, 0, 0, 0, 0, 1, 0, 0, 0, 0, 0),
	(15, 2, 1, 1, 0, 4, 0, 0, 0, 0, 1, 0, 0, 0, 0, 0),
	(16, 1, 1, 1, 6, 0, 0, 0, 0, 0, 0, 0, 0, 0, 0, 0),
	(18, 1, 1, 1, 6, 0, 0, 0, 0, 0, 0, 0, 0, 0, 0, 0),
	(19, 2, 2, 1, 0, 8, 0, 0, 0, 2, 0, 0, 0, 0, 0, 0);
/*!40000 ALTER TABLE `tbl_persona_rutina` ENABLE KEYS */;

-- Volcando estructura para tabla nutricion.tbl_post
CREATE TABLE IF NOT EXISTS `tbl_post` (
  `idpost` int(11) NOT NULL AUTO_INCREMENT,
  `titulo` varchar(200) COLLATE utf8mb4_spanish_ci DEFAULT NULL,
  `texto` longtext COLLATE utf8mb4_spanish_ci DEFAULT NULL,
  `imagen` varchar(100) COLLATE utf8mb4_spanish_ci DEFAULT NULL,
  `estado` tinyint(4) DEFAULT 1,
  PRIMARY KEY (`idpost`)
) ENGINE=InnoDB AUTO_INCREMENT=4 DEFAULT CHARSET=utf8mb4 COLLATE=utf8mb4_spanish_ci;

-- Volcando datos para la tabla nutricion.tbl_post: ~2 rows (aproximadamente)
/*!40000 ALTER TABLE `tbl_post` DISABLE KEYS */;
INSERT INTO `tbl_post` (`idpost`, `titulo`, `texto`, `imagen`, `estado`) VALUES
	(2, 'Azafrán, con muy poco basta', 'Cierto que es la especia más cara del mundo por su precio al peso: un kilo se cotiza a partir de los 5.000 euros y algunas variedades pueden llegar a alcanzar los 30.000 euros por kilo … pero, que nadie se asuste pues bastan unas pocas hebras para transmitir su sabor, aroma y color: 0,125 gramos bastarían para una receta para cuatro personas. Es decir que, teniendo en cuenta que un azafrán de calidad se está comercializando actualmente para el consumidor a unos ocho euros el gramo, esos 0,125 gramos para cuatro personas supondrían tan solo 25 céntimos de euro por persona.\n\nNo hay pues excusa “económica” para no tenerlo siempre a mano en la cocina. Es, sobre todo, imperativo contar con él porque -además de imprescindible en numerosos arroces y fideuás- unas hebras de azafrán confieren un toque singular a carnes, pescados, salsas, huevos, guisos, verduras, mariscos… Sin olvidar que es un constituyente esencial de reputados platos, tanto de la cocina española como internacional.\n\nPara disponer de un azafrán de calidad y utilizarlo de manera adecuada, es crucial tener en cuenta algunas consideraciones: lo primero es proveernos de un azafrán de garantía, evitando posibles fraudes; hemos de manejar con mimo las cantidades por ración y prepararlo adecuadamente para incorporarlo a las recetas. Finalmente, para mantener sus propiedades, es preciso respetar unas reglas básicas de conservación.\n\n<b>Evita las adulteraciones</b>', 'fe6172bb5c431d98c98bba7be460ce00.jpg', 1),
	(3, '¿Qué se hereda más, la obesidad o la delgadez?', 'Un artículo publicado este año en Plos Genetics comparó el genoma de 1.622 personas persistentemente delgadas y clínicamente sanas con el de 1.985 casos de obesidad infantil grave y con 10.433 personas de peso normal. ¿El resultado? La obesidad parece heredarse algo más (en concreto, un 32,33%) que la delgadez (28,07%).\n\nUno de los objetivos de este trabajo fue averiguar si la caracterización de la genética de la delgadez puede proporcionar una mejor comprensión y ayudar a identificar posibles factores anti-obesidad, habida cuenta de que los trastornos asociados a la obesidad se encuentran a día de hoy entre las principales causas por las que la gente la palma en todo el mundo. Por este motivo, la investigación estudió a un millar largo de delgados para determinar qué les impedía engordar en un ambiente cada vez más obesogénico.\n\nPara los autores del estudio genético al que hacemos referencia, el progresivo aumento de la obesidad se debe a diversos cambios en el medio ambiente, al creciente consumo de alimentos muy ricos en calorías y a la reducción de los niveles de actividad física. Sin embargo, comiendo prácticamente lo mismo y con un estilo de vida parecido, algunas investigaciones han documentado que algunas personas son particularmente susceptibles a desarrollar obesidad, mientras otras permanecen delgadas. Esto ha podido verse, por ejemplo, dicen los investigadores, en niños adoptados, en los que se ha demostrado que entre el 40 y el 70% de la variación del peso corporal responde a factores hereditarios. Sin embargo, se sabe todavía poco sobre las características genéticas específicas de los individuos persistentemente delgados….\n\nAlgunos estudios anteriores sugieren que la delgadez parece ser un rasgo que es, al menos, tan estable y hereditario como la obesidad [1-3]. Un estudio realizado con 7.078 niños y adolescentes del Reino Unido encontró que el predictor más fuerte de la delgadez infantil/adolescente era el estado de peso de los padres. La prevalencia de la delgadez fue mayor (16,2%) cuando ambos padres eran delgados y progresivamente menor cuando ambos padres tenían peso normal, sobrepeso u obesidad [4].\n\nTras publicarse el estudio de Plos Genetics, algunos expertos han opinado sobre sus conclusiones y sobre el runrún de que algunas personas pueden comer como una lima sin engordar, mientras otras, comiendo lo mismo, ganan peso prácticamente al respirar. El posible resumen de lo que opinan los expertos sobre este estudio es que, salvo contadas excepciones, la inmensa mayoría de las personas que ganan peso con facilidad no lo hacen por una predisposición genética, sino por la suma de otros factores.\n\nPor ejemplo, para Tim Spector, profesor de Epidemiología Genética en el King´s College de Londres, la investigación publicada en Plos Genetics confirma las conclusiones de algunos estudios realizados en los últimos 15 años. A saber: que las personas delgadas tienen más probabilidades de tener varios parientes delgados y las personas obesas, más parientes con obesidad. Asimismo, alrededor de un tercio de las personas en la mayoría de los países logran mantenerse delgadas a pesar de estar expuestas a entornos alimentarios que favorecen engordar. “Algo de esto se debe a los genes, pero es probable que otros factores, como las diferencias individuales en el estilo de vida o los microbios intestinales, sean también responsables”, opina Spector.\n\nPor su parte, Tom Sanders, profesor emérito de nutrición y dietética del King\'s College de Londres, ha dicho lo siguiente sobre el estudio que nos ocupa: \n\n“Este es un estudio importante y bien realizado que confirma que la obesidad severa precoz a menudo se determina genéticamente y muestra de manera convincente que aquellos que son muy delgados son genéticamente diferentes de la población general. Sin embargo, la mayor parte de la obesidad se adquiere en la vida adulta y está relacionada con el entorno obesogénico en el que vivimos (un estilo de vida sedentario y un acceso abundante a alimentos ricos en calorías). Además, las diferencias genéticas no pueden explicar el gran aumento en la prevalencia de obesidad en niños menores de 6 años que puede tener su origen en el embarazo y la primera infancia cuando el apetito se programa en la descendencia".\n\nVeamos ahora la opinión sobre el estudio publicado en Plos Genetics de Keith Frayn, profesor emérito de metabolismo humano de la Universidad de Oxford:\n\n“La delgadez y la gordura son dos extremos de un espectro. Está bien establecido que la gordura excesiva (obesidad) tiene un fuerte componente heredado, por lo que no es una gran sorpresa encontrar que lo mismo es cierto para la delgadez. Sin embargo, un hallazgo interesante de este estudio es que no todos los genes involucrados son iguales. Estos resultados no nos dicen nada acerca de por qué algunas personas permanecen delgadas. En el comunicado de prensa, el profesor Sadaf Farooqi, uno de los coautores del estudio publicado en Plos Genetics, dice que ´Algunas personas simplemente no están tan interesadas en la comida mientras que otras pueden comer lo que les gusta, pero nunca engordan´, pero los resultados no confirman la idea de que algunas personas pueden comer lo que quieran y nunca engordar. (…) Casi toda la evidencia de los estudios genéticos y fisiológicos apunta al hecho de que el peso corporal es en gran medida un reflejo de cuánto comemos. Si hay personas que pueden comer lo que les gusta y no engordan, o no quieren comer mucho, o son las personas que hacen ejercicio regularmente. Hay que recordar que los autores excluyeron a las personas que hacen ejercicio regularmente de la cohorte delgada, por lo que es necesario un estudio de la genética de la ingesta de energía baja versus alta".\n\nAsí pues, determinar la causalidad genética de la obesidad o el sobrepeso no es tarea sencilla. Aquí entra en juego la epigenética (las modificaciones que se producen en los genes a causa del ambiente y que son heredables), algo que no podemos obviar. Para determinar que la causa de obesidad es directamente genética se deben hacer estudios en gemelos homocigotos que viven en ambientes diferentes; es este ambiente el que determina que un gen se exprese y otro no. Según un artículo de Migliore publicado en el año 2016, “la obesidad y sus complicaciones están cada vez más asociadas con los contaminantes ambientales (obesógenos), las modificaciones de la microbiota intestinal y la ingesta de alimentos desequilibrados, factores que pueden inducir, a través de mecanismos epigenéticos, al aumento de peso y a consecuencias metabólicas alteradas”. Según el experto en epigenética Manel Esteller, “se ha visto que los efectos de una dieta alta en grasas pueden transmitirse durante tres generaciones, aumentando la predisposición a sufrir obesidad y diabetes”. De esta forma, los hábitos también son heredables, por lo que… ¿quién fue primero, el huevo o la gallina?', 'a73183c408fe6de69f391a9eefe24899.jpg', 1);
/*!40000 ALTER TABLE `tbl_post` ENABLE KEYS */;

-- Volcando estructura para tabla nutricion.tbl_post_like
CREATE TABLE IF NOT EXISTS `tbl_post_like` (
  `idpost` int(11) DEFAULT NULL,
  `idpersona` int(11) DEFAULT NULL,
  KEY `tbl_post_like_tbl_persona_idpersona_fk` (`idpersona`),
  KEY `tbl_post_like_tbl_post_idpost_fk` (`idpost`),
  CONSTRAINT `tbl_post_like_tbl_persona_idpersona_fk` FOREIGN KEY (`idpersona`) REFERENCES `tbl_persona` (`idpersona`),
  CONSTRAINT `tbl_post_like_tbl_post_idpost_fk` FOREIGN KEY (`idpost`) REFERENCES `tbl_post` (`idpost`) ON DELETE CASCADE ON UPDATE CASCADE
) ENGINE=InnoDB DEFAULT CHARSET=utf8mb4 COLLATE=utf8mb4_spanish_ci;

-- Volcando datos para la tabla nutricion.tbl_post_like: ~15 rows (aproximadamente)
/*!40000 ALTER TABLE `tbl_post_like` DISABLE KEYS */;
INSERT INTO `tbl_post_like` (`idpost`, `idpersona`) VALUES
	(2, 11),
	(3, 9),
	(2, 9),
	(2, 9),
	(2, 9),
	(2, 9),
	(3, 9),
	(2, 9),
	(2, 9),
	(2, 9),
	(3, 9),
	(2, 9),
	(3, 9),
	(2, 15),
	(3, 15);
/*!40000 ALTER TABLE `tbl_post_like` ENABLE KEYS */;

-- Volcando estructura para vista nutricion.encryptacion
-- Eliminando tabla temporal y crear estructura final de VIEW
DROP TABLE IF EXISTS `encryptacion`;
CREATE  VIEW `encryptacion` AS select sha2('',256) AS `SHA2("", 256)`,substr(sha2(uuid(),256),1,60) AS `substring( sha2(uuid(), 256) from 1 for 60)`,substr(sha2(rand(),256),1,60) AS `SUBSTRING(SHA2(RAND(),256) FROM 1 FOR 60)`;

-- Volcando estructura para vista nutricion.productos_buscar
-- Eliminando tabla temporal y crear estructura final de VIEW
DROP TABLE IF EXISTS `productos_buscar`;
CREATE  VIEW `productos_buscar` AS select `p`.`id` AS `id`,`p`.`nombre` AS `nombre`,`p`.`medida` AS `medida`,`p`.`kcal` AS `kcal`,`h`.`id` AS `idhorario`,`h`.`alias` AS `horario`,`h`.`porcentaje` AS `porcentaje`,`t`.`id` AS `idtipo`,`t`.`alias` AS `tipo`,`ht`.`obligatorio` AS `obligatorio`,`ht`.`maximo` AS `maximo` from ((((`dim_producto` `p` join `dim_tipo` `t` on(`p`.`idtipo` = `t`.`id`)) join `dim_horario_producto_restriccion` `hp` on(`hp`.`idproducto` = `p`.`id`)) join `dim_horario` `h` on(`h`.`id` = `hp`.`idhorario`)) join `dim_horario_tipo_restriccion` `ht` on(`ht`.`idtipo` = `t`.`id` and `ht`.`idhorario` = `h`.`id`)) where `hp`.`consumir` = 1 and `ht`.`maximo` > 0 order by `h`.`id`,`t`.`id`,`ht`.`obligatorio` desc;

/*!40101 SET SQL_MODE=IFNULL(@OLD_SQL_MODE, '') */;
/*!40014 SET FOREIGN_KEY_CHECKS=IF(@OLD_FOREIGN_KEY_CHECKS IS NULL, 1, @OLD_FOREIGN_KEY_CHECKS) */;
/*!40101 SET CHARACTER_SET_CLIENT=@OLD_CHARACTER_SET_CLIENT */;
